selection,run,generation,best_fitness,mean_fitness,dna_file
TOURNAMENT,1,0,40450.7521106880,3355.0469831528,tournament/run_01/best_snakes/generation_000.dna
TOURNAMENT,1,1,40450.7521106880,4550.2007645083,
TOURNAMENT,1,2,40450.7521106880,4125.4106079718,
TOURNAMENT,1,3,40450.7521106880,5061.0905811965,
TOURNAMENT,1,4,40450.7521106880,5286.3216611943,
TOURNAMENT,1,5,40450.7521106880,4403.1819384005,tournament/run_01/best_snakes/generation_005.dna
TOURNAMENT,1,6,40450.7521106880,4882.4933699568,
TOURNAMENT,1,7,49842.8961678040,5161.1200089983,
TOURNAMENT,1,8,49842.8961678040,5220.0676012226,
TOURNAMENT,1,9,49842.8961678040,5928.4341866966,
TOURNAMENT,1,10,49842.8961678040,6599.9235469866,tournament/run_01/best_snakes/generation_010.dna
TOURNAMENT,1,11,49842.8961678040,5900.8931429261,
TOURNAMENT,1,12,54369.9463061680,7935.1997373505,
TOURNAMENT,1,13,57992.0811652333,10741.5743554009,
TOURNAMENT,1,14,57992.0811652333,9389.8904276982,
TOURNAMENT,1,15,57992.0811652333,11117.1857651928,tournament/run_01/best_snakes/generation_015.dna
TOURNAMENT,1,16,57992.0811652333,13952.2028810649,
TOURNAMENT,1,17,61740.0568279378,16264.4676632760,
TOURNAMENT,1,18,61740.0568279378,17251.7019118604,
TOURNAMENT,1,19,62132.1323074098,19772.7865200533,
TOURNAMENT,1,20,62132.1323074098,17375.4961558277,tournament/run_01/best_snakes/generation_020.dna
TOURNAMENT,1,21,63354.9369577512,22982.4054626475,
TOURNAMENT,1,22,63354.9369577512,24306.5786213085,
TOURNAMENT,1,23,66796.7194730888,22876.3737731862,
TOURNAMENT,1,24,70219.6849497525,23399.5212631356,
TOURNAMENT,1,25,95670.0020934737,28362.3660818476,tournament/run_01/best_snakes/generation_025.dna
TOURNAMENT,1,26,95670.0020934737,25266.0733025591,
TOURNAMENT,1,27,95670.0020934737,26024.3616939330,
TOURNAMENT,1,28,95670.0020934737,21869.9306982711,
TOURNAMENT,1,29,95670.0020934737,22255.6639529179,
TOURNAMENT,1,30,95670.0020934737,22971.7536691134,tournament/run_01/best_snakes/generation_030.dna
TOURNAMENT,1,31,95670.0020934737,21666.9122777187,
TOURNAMENT,1,32,95670.0020934737,24733.7310534262,
TOURNAMENT,1,33,95670.0020934737,31060.2989234146,
TOURNAMENT,1,34,95670.0020934737,26237.5712789553,
TOURNAMENT,1,35,95670.0020934737,28691.3938703670,tournament/run_01/best_snakes/generation_035.dna
TOURNAMENT,1,36,95670.0020934737,31792.2972873822,
TOURNAMENT,1,37,95670.0020934737,30005.8261778769,
TOURNAMENT,1,38,95670.0020934737,28918.9247071036,
TOURNAMENT,1,39,95670.0020934737,30115.4736895921,
TOURNAMENT,1,40,95670.0020934737,32256.5020541693,tournament/run_01/best_snakes/generation_040.dna
TOURNAMENT,1,41,95670.0020934737,28681.1034705020,
TOURNAMENT,1,42,97792.0096473885,32853.5272676725,
TOURNAMENT,1,43,97792.0096473885,34208.7789943665,
TOURNAMENT,1,44,97792.0096473885,37307.7091342256,
TOURNAMENT,1,45,108329.2873672162,34506.0271454170,tournament/run_01/best_snakes/generation_045.dna
TOURNAMENT,1,46,108329.2873672162,40431.9726734827,
TOURNAMENT,1,47,108329.2873672162,29730.7307393079,
TOURNAMENT,1,48,108329.2873672162,28560.6461854675,
TOURNAMENT,1,49,108329.2873672162,36359.8333199826,
TOURNAMENT,1,50,108329.2873672162,35754.9206402410,tournament/run_01/best_snakes/generation_050.dna
TOURNAMENT,1,51,108329.2873672162,39392.6240645828,
TOURNAMENT,1,52,108329.2873672162,38765.0921244139,
TOURNAMENT,1,53,108329.2873672162,32455.3371517316,
TOURNAMENT,1,54,108329.2873672162,34157.2206996778,
TOURNAMENT,1,55,108329.2873672162,33466.0439662956,tournament/run_01/best_snakes/generation_055.dna
TOURNAMENT,1,56,108329.2873672162,36901.2086270869,
TOURNAMENT,1,57,108329.2873672162,33029.9891859609,
TOURNAMENT,1,58,108329.2873672162,35981.4354123320,
TOURNAMENT,1,59,108329.2873672162,33936.3345910841,
TOURNAMENT,1,60,119503.7992808985,35074.7538235842,tournament/run_01/best_snakes/generation_060.dna
TOURNAMENT,1,61,130310.3457491405,33258.8297601182,
TOURNAMENT,1,62,130310.3457491405,30395.9248523133,
TOURNAMENT,1,63,130310.3457491405,33541.1757731888,
TOURNAMENT,1,64,130310.3457491405,35006.2770214221,
TOURNAMENT,1,65,130310.3457491405,37714.5480119564,tournament/run_01/best_snakes/generation_065.dna
TOURNAMENT,1,66,130310.3457491405,37652.9823348254,
TOURNAMENT,1,67,130310.3457491405,37564.8542984514,
TOURNAMENT,1,68,130310.3457491405,40565.1233314093,
TOURNAMENT,1,69,130310.3457491405,38523.2235811853,
TOURNAMENT,1,70,130310.3457491405,41155.3763537899,tournament/run_01/best_snakes/generation_070.dna
TOURNAMENT,1,71,146861.5465362977,40182.6585956275,
TOURNAMENT,1,72,146861.5465362977,41305.7821449770,
TOURNAMENT,1,73,146861.5465362977,36550.6049560839,
TOURNAMENT,1,74,146861.5465362977,39999.1306485704,
TOURNAMENT,1,75,146861.5465362977,40382.1308499808,tournament/run_01/best_snakes/generation_075.dna
TOURNAMENT,1,76,146861.5465362977,40041.3201196592,
TOURNAMENT,1,77,146861.5465362977,40912.7880880518,
TOURNAMENT,1,78,146861.5465362977,39414.6121150056,
TOURNAMENT,1,79,146861.5465362977,39442.8006887912,
TOURNAMENT,1,80,146861.5465362977,39836.9129788326,tournament/run_01/best_snakes/generation_080.dna
TOURNAMENT,1,81,146861.5465362977,41397.7025114665,
TOURNAMENT,1,82,146861.5465362977,42344.9726222487,
TOURNAMENT,1,83,146861.5465362977,38047.3269656092,
TOURNAMENT,1,84,146861.5465362977,39149.6456667618,
TOURNAMENT,1,85,146861.5465362977,47136.7723782570,tournament/run_01/best_snakes/generation_085.dna
TOURNAMENT,1,86,146861.5465362977,44065.2525886232,
TOURNAMENT,1,87,149196.4911106579,37634.7671510071,
TOURNAMENT,1,88,149196.4911106579,45370.5911932861,
TOURNAMENT,1,89,157219.8320491771,50263.4550273804,
TOURNAMENT,1,90,157219.8320491771,45134.8520947985,tournament/run_01/best_snakes/generation_090.dna
TOURNAMENT,1,91,157219.8320491771,43603.0508623632,
TOURNAMENT,1,92,157219.8320491771,43387.7868544172,
TOURNAMENT,1,93,157219.8320491771,45551.5395449338,
TOURNAMENT,1,94,157219.8320491771,46423.9083476412,
TOURNAMENT,1,95,157219.8320491771,52545.3520653327,tournament/run_01/best_snakes/generation_095.dna
TOURNAMENT,1,96,157219.8320491771,47112.0164971743,
TOURNAMENT,1,97,157219.8320491771,42039.4469224356,
TOURNAMENT,1,98,157219.8320491771,53393.0610702934,
TOURNAMENT,1,99,157219.8320491771,44144.7910496988,
TOURNAMENT,1,100,157219.8320491771,48333.5118035757,tournament/run_01/best_snakes/generation_100.dna
TOURNAMENT,1,101,157219.8320491771,51278.9803460346,
TOURNAMENT,1,102,157219.8320491771,48514.0416290829,
TOURNAMENT,1,103,157219.8320491771,40475.5693501390,
TOURNAMENT,1,104,157219.8320491771,48788.6637881173,
TOURNAMENT,1,105,157219.8320491771,45478.6568011215,tournament/run_01/best_snakes/generation_105.dna
TOURNAMENT,1,106,157219.8320491771,45305.9369575296,
TOURNAMENT,1,107,157219.8320491771,48575.1600196853,
TOURNAMENT,1,108,157219.8320491771,48115.3903970913,
TOURNAMENT,1,109,157219.8320491771,43814.8589598306,
TOURNAMENT,1,110,157219.8320491771,42251.0284160921,tournament/run_01/best_snakes/generation_110.dna
TOURNAMENT,1,111,157219.8320491771,42760.1250662897,
TOURNAMENT,1,112,157219.8320491771,41706.2271904128,
TOURNAMENT,1,113,157219.8320491771,46772.8469913639,
TOURNAMENT,1,114,157219.8320491771,43367.9332464253,
TOURNAMENT,1,115,157219.8320491771,40787.9278810191,tournament/run_01/best_snakes/generation_115.dna
TOURNAMENT,1,116,157219.8320491771,41130.0181128532,
TOURNAMENT,1,117,157219.8320491771,43822.0159438845,
TOURNAMENT,1,118,157219.8320491771,46089.4774696048,
TOURNAMENT,1,119,157219.8320491771,44598.1103989238,
TOURNAMENT,1,120,157219.8320491771,43409.0935920169,tournament/run_01/best_snakes/generation_120.dna
TOURNAMENT,1,121,157219.8320491771,44599.6476901076,
TOURNAMENT,1,122,157219.8320491771,46078.5487447377,
TOURNAMENT,1,123,157219.8320491771,48084.3580538215,
TOURNAMENT,1,124,157219.8320491771,39494.1599935909,
TOURNAMENT,1,125,157219.8320491771,47145.7710281194,tournament/run_01/best_snakes/generation_125.dna
TOURNAMENT,1,126,157551.0973468104,43198.2004008782,
TOURNAMENT,1,127,157551.0973468104,49191.5481367490,
TOURNAMENT,1,128,161635.1423952543,50764.9728966562,
TOURNAMENT,1,129,161635.1423952543,41923.7904218899,
TOURNAMENT,1,130,161635.1423952543,43609.4232490792,tournament/run_01/best_snakes/generation_130.dna
TOURNAMENT,1,131,161635.1423952543,46530.7807384294,
TOURNAMENT,1,132,161635.1423952543,48329.3165570846,
TOURNAMENT,1,133,161635.1423952543,45112.9110253913,
TOURNAMENT,1,134,161635.1423952543,43111.8534759994,
TOURNAMENT,1,135,161635.1423952543,44946.3143213531,tournament/run_01/best_snakes/generation_135.dna
TOURNAMENT,1,136,161635.1423952543,44387.1864240282,
TOURNAMENT,1,137,161635.1423952543,40129.8100019366,
TOURNAMENT,1,138,161635.1423952543,45528.6438391107,
TOURNAMENT,1,139,161635.1423952543,48171.4194213439,
TOURNAMENT,1,140,161635.1423952543,47126.8981157396,tournament/run_01/best_snakes/generation_140.dna
TOURNAMENT,1,141,161635.1423952543,47842.5980756644,
TOURNAMENT,1,142,161635.1423952543,46527.0842615672,
TOURNAMENT,1,143,161635.1423952543,52998.0889775806,
TOURNAMENT,1,144,161635.1423952543,50395.4051361398,
TOURNAMENT,1,145,161635.1423952543,49185.6975893214,tournament/run_01/best_snakes/generation_145.dna
TOURNAMENT,1,146,161635.1423952543,48657.4247024946,
TOURNAMENT,1,147,161635.1423952543,45280.2911669361,
TOURNAMENT,1,148,161635.1423952543,44463.4671676705,
TOURNAMENT,1,149,161635.1423952543,43435.4263029015,
TOURNAMENT,1,150,161635.1423952543,46171.3730430277,tournament/run_01/best_snakes/generation_150.dna
TOURNAMENT,1,151,167120.0771051484,52834.1885521925,
TOURNAMENT,1,152,167120.0771051484,44033.3860684469,
TOURNAMENT,1,153,167120.0771051484,42140.0778398829,
TOURNAMENT,1,154,167120.0771051484,42967.0790271913,
TOURNAMENT,1,155,167120.0771051484,38998.4562851440,tournament/run_01/best_snakes/generation_155.dna
TOURNAMENT,1,156,167120.0771051484,47966.0760799351,
TOURNAMENT,1,157,167120.0771051484,47289.3383166168,
TOURNAMENT,1,158,167120.0771051484,46959.0401316328,
TOURNAMENT,1,159,167120.0771051484,44937.2722535063,
TOURNAMENT,1,160,167120.0771051484,46442.4402705317,tournament/run_01/best_snakes/generation_160.dna
TOURNAMENT,1,161,167120.0771051484,43056.7228226834,
TOURNAMENT,1,162,167120.0771051484,48298.2277949177,
TOURNAMENT,1,163,167120.0771051484,54201.1845261092,
TOURNAMENT,1,164,167120.0771051484,49105.6383803884,
TOURNAMENT,1,165,167120.0771051484,49226.3088731804,tournament/run_01/best_snakes/generation_165.dna
TOURNAMENT,1,166,167120.0771051484,47428.4502264481,
TOURNAMENT,1,167,167120.0771051484,49896.6706439381,
TOURNAMENT,1,168,167120.0771051484,50182.1699883433,
TOURNAMENT,1,169,167120.0771051484,52932.0513753781,
TOURNAMENT,1,170,167120.0771051484,40854.1880686108,tournament/run_01/best_snakes/generation_170.dna
TOURNAMENT,1,171,167120.0771051484,43528.5527182088,
TOURNAMENT,1,172,167120.0771051484,42440.7230129934,
TOURNAMENT,1,173,167120.0771051484,48891.1760073376,
TOURNAMENT,1,174,167120.0771051484,51243.6009539848,
TOURNAMENT,1,175,167120.0771051484,50215.7188477957,tournament/run_01/best_snakes/generation_175.dna
TOURNAMENT,1,176,167120.0771051484,50024.7552569307,
TOURNAMENT,1,177,167120.0771051484,50026.1944081357,
TOURNAMENT,1,178,167120.0771051484,38176.7099878086,
TOURNAMENT,1,179,167120.0771051484,44061.6429418429,
TOURNAMENT,1,180,167120.0771051484,40311.1754281799,tournament/run_01/best_snakes/generation_180.dna
TOURNAMENT,1,181,167120.0771051484,45884.6572233450,
TOURNAMENT,1,182,167120.0771051484,48830.7552036984,
TOURNAMENT,1,183,167120.0771051484,55000.0487434022,
TOURNAMENT,1,184,167120.0771051484,42587.3933947927,
TOURNAMENT,1,185,167120.0771051484,43526.8455720730,tournament/run_01/best_snakes/generation_185.dna
TOURNAMENT,1,186,167120.0771051484,47065.1432801280,
TOURNAMENT,1,187,167120.0771051484,48206.8329205357,
TOURNAMENT,1,188,167120.0771051484,51409.2367529965,
TOURNAMENT,1,189,167120.0771051484,50996.5174596849,
TOURNAMENT,1,190,167120.0771051484,48013.7029576948,tournament/run_01/best_snakes/generation_190.dna
TOURNAMENT,1,191,167120.0771051484,46088.9933187248,
TOURNAMENT,2,0,18466.8115149220,2451.4503114480,tournament/run_02/best_snakes/generation_000.dna
TOURNAMENT,2,1,18466.8115149220,3633.6058100839,
TOURNAMENT,2,2,25646.2713841738,4357.4561273652,
TOURNAMENT,2,3,25646.2713841738,4312.6655369784,
TOURNAMENT,2,4,25646.2713841738,4501.6498238509,
TOURNAMENT,2,5,25646.2713841738,3553.7020727274,tournament/run_02/best_snakes/generation_005.dna
TOURNAMENT,2,6,25646.2713841738,4016.1382581542,
TOURNAMENT,2,7,41118.3728612139,4920.2617668638,
TOURNAMENT,2,8,41118.3728612139,4701.3265305994,
TOURNAMENT,2,9,41118.3728612139,5170.8986552702,
TOURNAMENT,2,10,41118.3728612139,6320.9540585090,tournament/run_02/best_snakes/generation_010.dna
TOURNAMENT,2,11,41118.3728612139,6102.7270801401,
TOURNAMENT,2,12,41118.3728612139,5699.2368705240,
TOURNAMENT,2,13,44747.5157544827,5878.3324136986,
TOURNAMENT,2,14,44747.5157544827,6329.6923996595,
TOURNAMENT,2,15,44747.5157544827,7655.6240705350,tournament/run_02/best_snakes/generation_015.dna
TOURNAMENT,2,16,44747.5157544827,8766.7766833592,
TOURNAMENT,2,17,48503.4304905813,8116.9312671265,
TOURNAMENT,2,18,48503.4304905813,8551.5563062451,
TOURNAMENT,2,19,48503.4304905813,8212.4514160367,
TOURNAMENT,2,20,48503.4304905813,8785.1929170590,tournament/run_02/best_snakes/generation_020.dna
TOURNAMENT,2,21,48503.4304905813,7939.4724470041,
TOURNAMENT,2,22,48503.4304905813,7298.9080671503,
TOURNAMENT,2,23,48503.4304905813,8793.5400975972,
TOURNAMENT,2,24,58965.5064355313,9681.5900927292,
TOURNAMENT,2,25,61811.5375174502,10212.1475266827,tournament/run_02/best_snakes/generation_025.dna
TOURNAMENT,2,26,61811.5375174502,11067.6958105720,
TOURNAMENT,2,27,61811.5375174502,9516.5455007827,
TOURNAMENT,2,28,61811.5375174502,10191.4430126884,
TOURNAMENT,2,29,61811.5375174502,10874.3536435244,
TOURNAMENT,2,30,61839.9165657375,12388.1638327970,tournament/run_02/best_snakes/generation_030.dna
TOURNAMENT,2,31,61839.9165657375,13266.7694166489,
TOURNAMENT,2,32,80342.6666050425,14085.3948761020,
TOURNAMENT,2,33,80342.6666050425,16850.2092922051,
TOURNAMENT,2,34,80342.6666050425,19944.3342299732,
TOURNAMENT,2,35,80342.6666050425,18473.7636351631,tournament/run_02/best_snakes/generation_035.dna
TOURNAMENT,2,36,80342.6666050425,20120.7351433584,
TOURNAMENT,2,37,88570.7565635589,20835.9508166675,
TOURNAMENT,2,38,88570.7565635589,25688.2322146320,
TOURNAMENT,2,39,88570.7565635589,28166.1943619379,
TOURNAMENT,2,40,88570.7565635589,25489.6108933315,tournament/run_02/best_snakes/generation_040.dna
TOURNAMENT,2,41,88570.7565635589,28136.5540371042,
TOURNAMENT,2,42,88570.7565635589,27915.3335784042,
TOURNAMENT,2,43,88570.7565635589,28220.2695920013,
TOURNAMENT,2,44,88570.7565635589,30092.6455395154,
TOURNAMENT,2,45,88570.7565635589,28675.0398133667,tournament/run_02/best_snakes/generation_045.dna
TOURNAMENT,2,46,101090.9168620756,28922.0363181858,
TOURNAMENT,2,47,101090.9168620756,25730.3983176602,
TOURNAMENT,2,48,101090.9168620756,27782.7899215070,
TOURNAMENT,2,49,101090.9168620756,27525.2964808080,
TOURNAMENT,2,50,101090.9168620756,27138.0802869037,tournament/run_02/best_snakes/generation_050.dna
TOURNAMENT,2,51,101090.9168620756,27455.6866521192,
TOURNAMENT,2,52,101090.9168620756,29799.2010812919,
TOURNAMENT,2,53,101090.9168620756,27908.5416477194,
TOURNAMENT,2,54,101090.9168620756,29806.3502405508,
TOURNAMENT,2,55,101090.9168620756,28115.2807004766,tournament/run_02/best_snakes/generation_055.dna
TOURNAMENT,2,56,101090.9168620756,25244.2504499236,
TOURNAMENT,2,57,101090.9168620756,25685.8267093430,
TOURNAMENT,2,58,101090.9168620756,30884.7620856450,
TOURNAMENT,2,59,101090.9168620756,30283.2840205030,
TOURNAMENT,2,60,101090.9168620756,31295.5361661480,tournament/run_02/best_snakes/generation_060.dna
TOURNAMENT,2,61,101090.9168620756,32114.7538191970,
TOURNAMENT,2,62,101090.9168620756,24621.1903028221,
TOURNAMENT,2,63,101090.9168620756,29031.9974728324,
TOURNAMENT,2,64,101090.9168620756,27770.9287884368,
TOURNAMENT,2,65,101090.9168620756,30558.5150322528,tournament/run_02/best_snakes/generation_065.dna
TOURNAMENT,2,66,101090.9168620756,26680.2185968596,
TOURNAMENT,2,67,105309.2211355668,31588.0498759647,
TOURNAMENT,2,68,105309.2211355668,27008.8877710418,
TOURNAMENT,2,69,105309.2211355668,27760.0652984002,
TOURNAMENT,2,70,105309.2211355668,27970.6219036836,tournament/run_02/best_snakes/generation_070.dna
TOURNAMENT,2,71,105309.2211355668,30452.0010363734,
TOURNAMENT,2,72,105309.2211355668,31664.1014812145,
TOURNAMENT,2,73,105309.2211355668,29888.3002187096,
TOURNAMENT,2,74,105309.2211355668,34702.0297336992,
TOURNAMENT,2,75,105309.2211355668,28645.5116315126,tournament/run_02/best_snakes/generation_075.dna
TOURNAMENT,2,76,105309.2211355668,33665.3273661043,
TOURNAMENT,2,77,105309.2211355668,27391.4064233639,
TOURNAMENT,2,78,107086.2387839939,32523.8963280220,
TOURNAMENT,2,79,107086.2387839939,28532.7669320966,
TOURNAMENT,2,80,107086.2387839939,35843.7692331319,tournament/run_02/best_snakes/generation_080.dna
TOURNAMENT,2,81,109865.8599906916,38658.1075898083,
TOURNAMENT,2,82,109865.8599906916,38202.8047344150,
TOURNAMENT,2,83,109865.8599906916,34671.1481477442,
TOURNAMENT,2,84,109865.8599906916,33238.9363672309,
TOURNAMENT,2,85,130522.7484178055,33614.8367805712,tournament/run_02/best_snakes/generation_085.dna
TOURNAMENT,2,86,130522.7484178055,36612.5434060734,
TOURNAMENT,2,87,130522.7484178055,38637.1138055904,
TOURNAMENT,2,88,130522.7484178055,41188.4371845194,
TOURNAMENT,2,89,130522.7484178055,36452.6586145523,
TOURNAMENT,2,90,130522.7484178055,37535.8005455229,tournament/run_02/best_snakes/generation_090.dna
TOURNAMENT,2,91,130522.7484178055,37553.7966672924,
TOURNAMENT,2,92,130522.7484178055,43151.8656345467,
TOURNAMENT,2,93,130522.7484178055,41693.7560627889,
TOURNAMENT,2,94,130522.7484178055,36479.1428561961,
TOURNAMENT,2,95,130522.7484178055,44227.7962593822,tournament/run_02/best_snakes/generation_095.dna
TOURNAMENT,2,96,130522.7484178055,41906.6171972530,
TOURNAMENT,2,97,130522.7484178055,37917.1674137908,
TOURNAMENT,2,98,130522.7484178055,44660.0158023273,
TOURNAMENT,2,99,136188.2626128097,42717.7929932826,
TOURNAMENT,2,100,136188.2626128097,45083.8087815460,tournament/run_02/best_snakes/generation_100.dna
TOURNAMENT,2,101,136188.2626128097,45333.8069430074,
TOURNAMENT,2,102,136188.2626128097,47353.0351576234,
TOURNAMENT,2,103,136188.2626128097,44094.7529589163,
TOURNAMENT,2,104,136188.2626128097,38355.1807407153,
TOURNAMENT,2,105,142133.5189983697,38594.5726498539,tournament/run_02/best_snakes/generation_105.dna
TOURNAMENT,2,106,142133.5189983697,39620.3148347475,
TOURNAMENT,2,107,148336.9073886138,42933.7948900987,
TOURNAMENT,2,108,148336.9073886138,47467.7657490617,
TOURNAMENT,2,109,148355.6259773350,42604.6832743920,
TOURNAMENT,2,110,148355.6259773350,46823.5817892771,tournament/run_02/best_snakes/generation_110.dna
TOURNAMENT,2,111,148355.6259773350,52961.8742076017,
TOURNAMENT,2,112,148355.6259773350,46111.5394424058,
TOURNAMENT,2,113,148355.6259773350,55170.9448918871,
TOURNAMENT,2,114,167113.4810830798,53932.7418763482,
TOURNAMENT,2,115,167113.4810830798,46932.5171674692,tournament/run_02/best_snakes/generation_115.dna
TOURNAMENT,2,116,167113.4810830798,54025.7307932820,
TOURNAMENT,2,117,167113.4810830798,54791.4362925699,
TOURNAMENT,2,118,167113.4810830798,50386.8132159793,
TOURNAMENT,2,119,167113.4810830798,49775.2348527716,
TOURNAMENT,2,120,167113.4810830798,50050.5163770417,tournament/run_02/best_snakes/generation_120.dna
TOURNAMENT,2,121,167113.4810830798,43811.5540584151,
TOURNAMENT,2,122,167113.4810830798,42298.6091054998,
TOURNAMENT,2,123,167113.4810830798,43626.3117343312,
TOURNAMENT,2,124,167113.4810830798,47512.1035376445,
TOURNAMENT,2,125,167113.4810830798,49813.2539208619,tournament/run_02/best_snakes/generation_125.dna
TOURNAMENT,2,126,167113.4810830798,45722.8886844413,
TOURNAMENT,2,127,167113.4810830798,44621.1979959125,
TOURNAMENT,2,128,167113.4810830798,42971.0193330486,
TOURNAMENT,2,129,167113.4810830798,44458.6066749175,
TOURNAMENT,2,130,167113.4810830798,42897.1541863226,tournament/run_02/best_snakes/generation_130.dna
TOURNAMENT,2,131,167113.4810830798,47224.2583060491,
TOURNAMENT,2,132,167113.4810830798,47292.2134810668,
TOURNAMENT,2,133,167113.4810830798,47673.4386741437,
TOURNAMENT,2,134,167113.4810830798,46402.1992520903,
TOURNAMENT,2,135,167113.4810830798,42671.9262986246,tournament/run_02/best_snakes/generation_135.dna
TOURNAMENT,2,136,167113.4810830798,45636.3511097902,
TOURNAMENT,2,137,167113.4810830798,47004.8694781215,
TOURNAMENT,2,138,167113.4810830798,51526.6086105027,
TOURNAMENT,2,139,167113.4810830798,48281.0235938676,
TOURNAMENT,2,140,167113.4810830798,50630.8673920009,tournament/run_02/best_snakes/generation_140.dna
TOURNAMENT,2,141,167113.4810830798,48760.5174530705,
TOURNAMENT,2,142,167113.4810830798,52078.5018734569,
TOURNAMENT,2,143,167113.4810830798,55072.6169058778,
TOURNAMENT,2,144,167113.4810830798,53683.8715621378,
TOURNAMENT,2,145,167113.4810830798,48058.2510839626,tournament/run_02/best_snakes/generation_145.dna
TOURNAMENT,2,146,167113.4810830798,50911.9457647718,
TOURNAMENT,2,147,167113.4810830798,49363.0581326025,
TOURNAMENT,2,148,167113.4810830798,54901.0061066047,
TOURNAMENT,2,149,167113.4810830798,50923.8308830825,
TOURNAMENT,2,150,167113.4810830798,47835.6655053402,tournament/run_02/best_snakes/generation_150.dna
TOURNAMENT,2,151,167113.4810830798,47923.7888694267,
TOURNAMENT,2,152,167113.4810830798,50370.7226632189,
TOURNAMENT,2,153,167113.4810830798,42174.5066189064,
TOURNAMENT,2,154,167113.4810830798,45501.5897737925,
TOURNAMENT,3,0,20916.0475185729,2441.2506746522,tournament/run_03/best_snakes/generation_000.dna
TOURNAMENT,3,1,31146.4773700726,3465.1512945568,
TOURNAMENT,3,2,38071.4709629135,4998.7222463981,
TOURNAMENT,3,3,38071.4709629135,4842.6714884677,
TOURNAMENT,3,4,47409.5218994714,6569.6751861123,
TOURNAMENT,3,5,58176.4499591826,9485.7857352383,tournament/run_03/best_snakes/generation_005.dna
TOURNAMENT,3,6,70248.9973959681,10288.0796670384,
TOURNAMENT,3,7,70248.9973959681,11069.7366513952,
TOURNAMENT,3,8,70248.9973959681,13074.2905485492,
TOURNAMENT,3,9,70248.9973959681,15659.7860961733,
TOURNAMENT,3,10,70248.9973959681,19927.2001117679,tournament/run_03/best_snakes/generation_010.dna
TOURNAMENT,3,11,70248.9973959681,19942.2247234394,
TOURNAMENT,3,12,70248.9973959681,23718.7943454887,
TOURNAMENT,3,13,75404.4612000472,26787.4646435946,
TOURNAMENT,3,14,75404.4612000472,23798.9323695523,
TOURNAMENT,3,15,83953.6368677778,27471.1247457933,tournament/run_03/best_snakes/generation_015.dna
TOURNAMENT,3,16,98401.0989288255,31866.8549807739,
TOURNAMENT,3,17,98401.0989288255,32290.5797836489,
TOURNAMENT,3,18,108302.5798795168,36102.4021921832,
TOURNAMENT,3,19,108302.5798795168,31972.0459584575,
TOURNAMENT,3,20,108302.5798795168,38505.6089874197,tournament/run_03/best_snakes/generation_020.dna
TOURNAMENT,3,21,108302.5798795168,35056.5732775314,
TOURNAMENT,3,22,108302.5798795168,38886.9478047922,
TOURNAMENT,3,23,108350.5121832561,41913.5808013597,
TOURNAMENT,3,24,108350.5121832561,45193.7839445330,
TOURNAMENT,3,25,108350.5121832561,45378.5000072492,tournament/run_03/best_snakes/generation_025.dna
TOURNAMENT,3,26,108350.5121832561,45213.0928331795,
TOURNAMENT,3,27,108350.5121832561,46219.5055383632,
TOURNAMENT,3,28,108350.5121832561,50930.0322564003,
TOURNAMENT,3,29,108350.5121832561,49992.8125676078,
TOURNAMENT,3,30,111353.1744899511,49404.5366602446,tournament/run_03/best_snakes/generation_030.dna
TOURNAMENT,3,31,111353.1744899511,48744.7025501358,
TOURNAMENT,3,32,111353.1744899511,44390.8839115730,
TOURNAMENT,3,33,111353.1744899511,48202.7731312350,
TOURNAMENT,3,34,111353.1744899511,52653.0192729799,
TOURNAMENT,3,35,111353.1744899511,49353.8189851620,tournament/run_03/best_snakes/generation_035.dna
TOURNAMENT,3,36,111353.1744899511,52674.9673363417,
TOURNAMENT,3,37,111353.1744899511,50387.8607032327,
TOURNAMENT,3,38,150386.5594278699,55482.7332347259,
TOURNAMENT,3,39,150386.5594278699,54398.5171367209,
TOURNAMENT,3,40,150386.5594278699,52509.7094156764,tournament/run_03/best_snakes/generation_040.dna
TOURNAMENT,3,41,150386.5594278699,48252.0722724261,
TOURNAMENT,3,42,150386.5594278699,47770.0664618331,
TOURNAMENT,3,43,150386.5594278699,49319.2651447954,
TOURNAMENT,3,44,150386.5594278699,53662.4886495743,
TOURNAMENT,3,45,150386.5594278699,48461.4607236513,tournament/run_03/best_snakes/generation_045.dna
TOURNAMENT,3,46,150386.5594278699,53279.3203624294,
TOURNAMENT,3,47,150386.5594278699,57230.2612179026,
TOURNAMENT,3,48,160745.9075235006,57328.9103807442,
TOURNAMENT,3,49,160745.9075235006,58008.9289731156,
TOURNAMENT,3,50,160745.9075235006,57071.3886769473,tournament/run_03/best_snakes/generation_050.dna
TOURNAMENT,3,51,160745.9075235006,60008.0150063697,
TOURNAMENT,3,52,160745.9075235006,57159.3281258774,
TOURNAMENT,3,53,160745.9075235006,55565.0485130377,
TOURNAMENT,3,54,160745.9075235006,54833.3401691601,
TOURNAMENT,3,55,160745.9075235006,52637.2459115440,tournament/run_03/best_snakes/generation_055.dna
TOURNAMENT,3,56,160745.9075235006,55932.3318233206,
TOURNAMENT,3,57,160745.9075235006,54085.7353815673,
TOURNAMENT,3,58,160745.9075235006,52580.1828850077,
TOURNAMENT,3,59,160745.9075235006,58213.3695042178,
TOURNAMENT,3,60,160745.9075235006,50364.3188718241,tournament/run_03/best_snakes/generation_060.dna
TOURNAMENT,3,61,160745.9075235006,55443.0218163446,
TOURNAMENT,3,62,160745.9075235006,51351.4199428993,
TOURNAMENT,3,63,160745.9075235006,56562.1311948063,
TOURNAMENT,3,64,160745.9075235006,51762.9350020003,
TOURNAMENT,3,65,160745.9075235006,55739.6963240602,tournament/run_03/best_snakes/generation_065.dna
TOURNAMENT,3,66,160745.9075235006,55392.7041215917,
TOURNAMENT,3,67,160745.9075235006,52235.5406959348,
TOURNAMENT,3,68,160745.9075235006,65862.9578232609,
TOURNAMENT,3,69,160745.9075235006,59400.6332850875,
TOURNAMENT,3,70,160745.9075235006,56442.0437943260,tournament/run_03/best_snakes/generation_070.dna
TOURNAMENT,3,71,160745.9075235006,57158.3218496057,
TOURNAMENT,3,72,160745.9075235006,50537.9343606405,
TOURNAMENT,3,73,160745.9075235006,58446.7946391719,
TOURNAMENT,3,74,160745.9075235006,53835.0012261681,
TOURNAMENT,3,75,160745.9075235006,54711.5596215819,tournament/run_03/best_snakes/generation_075.dna
TOURNAMENT,3,76,160745.9075235006,54858.9951462049,
TOURNAMENT,3,77,160745.9075235006,59164.1584038182,
TOURNAMENT,3,78,160745.9075235006,60143.4701901288,
TOURNAMENT,3,79,160745.9075235006,61753.9217381068,
TOURNAMENT,3,80,160745.9075235006,53242.5912698050,tournament/run_03/best_snakes/generation_080.dna
TOURNAMENT,3,81,160745.9075235006,53969.2762745103,
TOURNAMENT,3,82,160745.9075235006,52113.9872586800,
TOURNAMENT,3,83,160745.9075235006,49562.9591547781,
TOURNAMENT,3,84,160745.9075235006,50921.8158391425,
TOURNAMENT,3,85,160745.9075235006,50196.0446048476,tournament/run_03/best_snakes/generation_085.dna
TOURNAMENT,3,86,160745.9075235006,51531.8596476260,
TOURNAMENT,3,87,160745.9075235006,56200.0397463429,
TOURNAMENT,3,88,160745.9075235006,54776.3018461877,
TOURNAMENT,4,0,7393.6317989464,1531.6032436002,tournament/run_04/best_snakes/generation_000.dna
TOURNAMENT,4,1,10440.0756451855,2047.0229818398,
TOURNAMENT,4,2,18602.2230360294,3158.5352080149,
TOURNAMENT,4,3,20720.5438989073,3807.3810845788,
TOURNAMENT,4,4,20720.5438989073,3914.3225243112,
TOURNAMENT,4,5,20720.5438989073,3992.9990167373,tournament/run_04/best_snakes/generation_005.dna
TOURNAMENT,4,6,35227.9996486594,4588.3751238148,
TOURNAMENT,4,7,35227.9996486594,5545.5435792972,
TOURNAMENT,4,8,35227.9996486594,5385.6425216177,
TOURNAMENT,4,9,35227.9996486594,4608.2023449303,
TOURNAMENT,4,10,40058.5149693162,5867.5900638170,tournament/run_04/best_snakes/generation_010.dna
TOURNAMENT,4,11,62571.9760471568,7023.2547817310,
TOURNAMENT,4,12,62571.9760471568,7703.6272626820,
TOURNAMENT,4,13,66036.2575159196,9904.3348275509,
TOURNAMENT,4,14,66036.2575159196,8661.7393460116,
TOURNAMENT,4,15,66036.2575159196,8194.4901531113,tournament/run_04/best_snakes/generation_015.dna
TOURNAMENT,4,16,66036.2575159196,7852.9865994974,
TOURNAMENT,4,17,66036.2575159196,11293.8546207589,
TOURNAMENT,4,18,89698.8478873943,12081.8108634076,
TOURNAMENT,4,19,89698.8478873943,12802.5739697584,
TOURNAMENT,4,20,89698.8478873943,16087.3608161981,tournament/run_04/best_snakes/generation_020.dna
TOURNAMENT,4,21,89698.8478873943,14897.3249233650,
TOURNAMENT,4,22,89698.8478873943,17360.4382177702,
TOURNAMENT,4,23,89698.8478873943,16207.6889195249,
TOURNAMENT,4,24,89698.8478873943,18227.5047785145,
TOURNAMENT,4,25,95245.7655925523,22438.7083126900,tournament/run_04/best_snakes/generation_025.dna
TOURNAMENT,4,26,95245.7655925523,24204.2592111027,
TOURNAMENT,4,27,101960.7874468768,26031.9014051832,
TOURNAMENT,4,28,101960.7874468768,25689.2559788472,
TOURNAMENT,4,29,101960.7874468768,22504.8085581378,
TOURNAMENT,4,30,101960.7874468768,24596.9502969776,tournament/run_04/best_snakes/generation_030.dna
TOURNAMENT,4,31,101960.7874468768,24924.6466996175,
TOURNAMENT,4,32,101960.7874468768,24213.9992407252,
TOURNAMENT,4,33,101960.7874468768,26554.7667275979,
TOURNAMENT,4,34,101960.7874468768,27750.5806590598,
TOURNAMENT,4,35,113643.2597292032,29183.8313349379,tournament/run_04/best_snakes/generation_035.dna
TOURNAMENT,4,36,113643.2597292032,26490.5751591222,
TOURNAMENT,4,37,113643.2597292032,27279.5477944037,
TOURNAMENT,4,38,113643.2597292032,27708.6120179202,
TOURNAMENT,4,39,113643.2597292032,26481.8445968689,
TOURNAMENT,4,40,119875.4414801448,27292.5763659789,tournament/run_04/best_snakes/generation_040.dna
TOURNAMENT,4,41,119875.4414801448,25408.7022068982,
TOURNAMENT,4,42,119875.4414801448,29573.2248646974,
TOURNAMENT,4,43,119875.4414801448,28566.0393396907,
TOURNAMENT,4,44,119875.4414801448,27717.5637659563,
TOURNAMENT,4,45,119875.4414801448,29434.7578378196,tournament/run_04/best_snakes/generation_045.dna
TOURNAMENT,4,46,119875.4414801448,28751.8606057674,
TOURNAMENT,4,47,119875.4414801448,30025.5330258080,
TOURNAMENT,4,48,119875.4414801448,28708.7949516540,
TOURNAMENT,4,49,119875.4414801448,30154.8909584264,
TOURNAMENT,4,50,119875.4414801448,35659.5044261937,tournament/run_04/best_snakes/generation_050.dna
TOURNAMENT,4,51,119875.4414801448,30050.4672454778,
TOURNAMENT,4,52,119875.4414801448,29330.8387266181,
TOURNAMENT,4,53,119875.4414801448,31400.4378246328,
TOURNAMENT,4,54,119875.4414801448,33065.7206137856,
TOURNAMENT,4,55,119875.4414801448,31412.4468127276,tournament/run_04/best_snakes/generation_055.dna
TOURNAMENT,4,56,119875.4414801448,34636.7343053555,
TOURNAMENT,4,57,119875.4414801448,36696.7165807034,
TOURNAMENT,4,58,119875.4414801448,32950.6661456603,
TOURNAMENT,4,59,119875.4414801448,30829.0691112419,
TOURNAMENT,4,60,119875.4414801448,31750.5397190238,tournament/run_04/best_snakes/generation_060.dna
TOURNAMENT,4,61,119875.4414801448,36046.0409983040,
TOURNAMENT,4,62,119875.4414801448,33102.9180883092,
TOURNAMENT,4,63,119875.4414801448,32283.8133472431,
TOURNAMENT,4,64,119875.4414801448,34299.4393308927,
TOURNAMENT,4,65,119875.4414801448,34651.1246885873,tournament/run_04/best_snakes/generation_065.dna
TOURNAMENT,4,66,119875.4414801448,36017.4933914373,
TOURNAMENT,4,67,119875.4414801448,34778.3338636618,
TOURNAMENT,4,68,119875.4414801448,31260.1505306475,
TOURNAMENT,4,69,119875.4414801448,34895.9974077300,
TOURNAMENT,4,70,119875.4414801448,35633.7767746065,tournament/run_04/best_snakes/generation_070.dna
TOURNAMENT,4,71,119875.4414801448,34101.1148616054,
TOURNAMENT,4,72,119875.4414801448,32808.3275871720,
TOURNAMENT,4,73,119875.4414801448,36949.8967738356,
TOURNAMENT,4,74,119875.4414801448,36907.1920222444,
TOURNAMENT,4,75,119875.4414801448,42277.1941835870,tournament/run_04/best_snakes/generation_075.dna
TOURNAMENT,4,76,119875.4414801448,39015.8095459964,
TOURNAMENT,4,77,119875.4414801448,39081.8668114414,
TOURNAMENT,4,78,119875.4414801448,41622.4486773734,
TOURNAMENT,4,79,119875.4414801448,41888.8987133152,
TOURNAMENT,4,80,140016.1058221758,42857.1260020499,tournament/run_04/best_snakes/generation_080.dna
TOURNAMENT,4,81,140016.1058221758,41013.3468550124,
TOURNAMENT,4,82,140016.1058221758,38245.6251706194,
TOURNAMENT,4,83,140016.1058221758,43228.0413480406,
TOURNAMENT,4,84,140016.1058221758,36636.3429416484,
TOURNAMENT,4,85,140016.1058221758,38526.6458739250,tournament/run_04/best_snakes/generation_085.dna
TOURNAMENT,4,86,140016.1058221758,40757.6376265975,
TOURNAMENT,4,87,140016.1058221758,44905.6527220238,
TOURNAMENT,4,88,140016.1058221758,45815.8815173075,
TOURNAMENT,4,89,140016.1058221758,51881.6099997569,
TOURNAMENT,4,90,140016.1058221758,48474.1646094865,tournament/run_04/best_snakes/generation_090.dna
TOURNAMENT,4,91,140016.1058221758,50623.8405866918,
TOURNAMENT,4,92,143547.4714646213,47469.9333713788,
TOURNAMENT,4,93,143547.4714646213,48759.2914759659,
TOURNAMENT,4,94,143547.4714646213,51965.9059357863,
TOURNAMENT,4,95,143547.4714646213,53478.9451236561,tournament/run_04/best_snakes/generation_095.dna
TOURNAMENT,4,96,143547.4714646213,46291.8165844194,
TOURNAMENT,4,97,143547.4714646213,43620.8368046120,
TOURNAMENT,4,98,143547.4714646213,51558.6798262757,
TOURNAMENT,4,99,143547.4714646213,52676.7872771953,
TOURNAMENT,4,100,143547.4714646213,49489.3974105604,tournament/run_04/best_snakes/generation_100.dna
TOURNAMENT,4,101,143547.4714646213,49273.7260219688,
TOURNAMENT,4,102,143547.4714646213,48943.9797062436,
TOURNAMENT,4,103,161694.0903835992,48068.8632262315,
TOURNAMENT,4,104,161694.0903835992,53717.8572781208,
TOURNAMENT,4,105,161694.0903835992,52588.3161924373,tournament/run_04/best_snakes/generation_105.dna
TOURNAMENT,4,106,161694.0903835992,55365.3302686485,
TOURNAMENT,4,107,161694.0903835992,53618.0469279860,
TOURNAMENT,4,108,161694.0903835992,52292.4310223600,
TOURNAMENT,4,109,161694.0903835992,57239.8669036823,
TOURNAMENT,4,110,161694.0903835992,52132.7761531433,tournament/run_04/best_snakes/generation_110.dna
TOURNAMENT,4,111,161694.0903835992,56613.5695395759,
TOURNAMENT,4,112,161694.0903835992,58650.5696349623,
TOURNAMENT,4,113,161694.0903835992,62708.9534986796,
TOURNAMENT,4,114,161694.0903835992,53340.6427920387,
TOURNAMENT,4,115,161694.0903835992,56637.7943320659,tournament/run_04/best_snakes/generation_115.dna
TOURNAMENT,4,116,161694.0903835992,56767.7706580154,
TOURNAMENT,4,117,161694.0903835992,56234.8832975892,
TOURNAMENT,4,118,161694.0903835992,55671.6433920153,
TOURNAMENT,4,119,161694.0903835992,51632.2513236599,
TOURNAMENT,4,120,161694.0903835992,55455.6966417076,tournament/run_04/best_snakes/generation_120.dna
TOURNAMENT,4,121,161694.0903835992,52789.7607647623,
TOURNAMENT,4,122,161694.0903835992,58059.4347029697,
TOURNAMENT,4,123,161694.0903835992,50058.6002832206,
TOURNAMENT,4,124,161694.0903835992,55605.5780206997,
TOURNAMENT,4,125,161694.0903835992,49141.1923980017,tournament/run_04/best_snakes/generation_125.dna
TOURNAMENT,4,126,161694.0903835992,51025.4071185041,
TOURNAMENT,4,127,161694.0903835992,50973.9566399070,
TOURNAMENT,4,128,161694.0903835992,46693.8208394265,
TOURNAMENT,4,129,161694.0903835992,57060.1418167258,
TOURNAMENT,4,130,161694.0903835992,51748.7339120612,tournament/run_04/best_snakes/generation_130.dna
TOURNAMENT,4,131,161694.0903835992,51458.8093072928,
TOURNAMENT,4,132,161694.0903835992,48614.7318514459,
TOURNAMENT,4,133,161694.0903835992,48990.3416303423,
TOURNAMENT,4,134,161694.0903835992,52511.5106067209,
TOURNAMENT,4,135,161694.0903835992,50750.3700502650,tournament/run_04/best_snakes/generation_135.dna
TOURNAMENT,4,136,161694.0903835992,49849.6559378101,
TOURNAMENT,4,137,161694.0903835992,51294.8890837523,
TOURNAMENT,4,138,161694.0903835992,53519.5154639913,
TOURNAMENT,4,139,167169.9999862929,57765.3296935307,
TOURNAMENT,4,140,167169.9999862929,49093.9075855687,tournament/run_04/best_snakes/generation_140.dna
TOURNAMENT,4,141,167169.9999862929,60314.6340028087,
TOURNAMENT,4,142,167169.9999862929,59027.4096324310,
TOURNAMENT,4,143,167169.9999862929,59610.5647028177,
TOURNAMENT,4,144,167169.9999862929,62051.6168382993,
TOURNAMENT,4,145,167169.9999862929,57859.3635793758,tournament/run_04/best_snakes/generation_145.dna
TOURNAMENT,4,146,167169.9999862929,61834.1651013994,
TOURNAMENT,4,147,167169.9999862929,61891.1334171295,
TOURNAMENT,4,148,167169.9999862929,59938.4894277723,
TOURNAMENT,4,149,167169.9999862929,67926.7944860396,
TOURNAMENT,4,150,167169.9999862929,68048.6671360126,tournament/run_04/best_snakes/generation_150.dna
TOURNAMENT,4,151,167169.9999862929,70947.5929040184,
TOURNAMENT,4,152,167169.9999862929,64120.2542805850,
TOURNAMENT,4,153,167169.9999862929,66326.9495136191,
TOURNAMENT,4,154,167169.9999862929,72550.6500342141,
TOURNAMENT,4,155,167609.8807572944,67673.5337088002,tournament/run_04/best_snakes/generation_155.dna
TOURNAMENT,4,156,167609.8807572944,72529.9472552914,
TOURNAMENT,4,157,167609.8807572944,65762.1876221026,
TOURNAMENT,4,158,167609.8807572944,65516.6587874885,
TOURNAMENT,4,159,167609.8807572944,62616.4880792969,
TOURNAMENT,4,160,167609.8807572944,66178.7639800700,tournament/run_04/best_snakes/generation_160.dna
TOURNAMENT,4,161,167609.8807572944,62020.8514707328,
TOURNAMENT,4,162,167609.8807572944,62032.3957951824,
TOURNAMENT,4,163,167609.8807572944,67578.1024284442,
TOURNAMENT,4,164,170121.5662327529,59353.6600390835,
TOURNAMENT,4,165,170121.5662327529,65225.7079232679,tournament/run_04/best_snakes/generation_165.dna
TOURNAMENT,4,166,170121.5662327529,58219.4267230515,
TOURNAMENT,4,167,170121.5662327529,56284.6112405657,
TOURNAMENT,4,168,170121.5662327529,58438.7791069349,
TOURNAMENT,4,169,170121.5662327529,58923.2803505469,
TOURNAMENT,4,170,170121.5662327529,64420.8682442847,tournament/run_04/best_snakes/generation_170.dna
TOURNAMENT,4,171,170121.5662327529,67115.9823434679,
TOURNAMENT,4,172,194392.4532327576,69618.5832383196,
TOURNAMENT,4,173,194392.4532327576,58497.7275113618,
TOURNAMENT,4,174,194392.4532327576,59101.9515992414,
TOURNAMENT,4,175,194392.4532327576,69743.2574345887,tournament/run_04/best_snakes/generation_175.dna
TOURNAMENT,4,176,194392.4532327576,64908.3729128846,
TOURNAMENT,4,177,194392.4532327576,61247.3662301212,
TOURNAMENT,4,178,194392.4532327576,59597.8623352432,
TOURNAMENT,4,179,194392.4532327576,54493.5279524015,
TOURNAMENT,4,180,194392.4532327576,57248.7577273022,tournament/run_04/best_snakes/generation_180.dna
TOURNAMENT,4,181,194392.4532327576,60452.8986898374,
TOURNAMENT,4,182,194392.4532327576,68604.3921663077,
TOURNAMENT,4,183,194392.4532327576,63396.2128013094,
TOURNAMENT,4,184,194392.4532327576,60321.9103529865,
TOURNAMENT,4,185,194392.4532327576,60671.7598240248,tournament/run_04/best_snakes/generation_185.dna
TOURNAMENT,4,186,194392.4532327576,68953.9121159128,
TOURNAMENT,4,187,194392.4532327576,68233.0403078914,
TOURNAMENT,4,188,194392.4532327576,67643.3994310173,
TOURNAMENT,4,189,194392.4532327576,56309.5595657259,
TOURNAMENT,4,190,194392.4532327576,61393.0334535177,tournament/run_04/best_snakes/generation_190.dna
TOURNAMENT,4,191,194392.4532327576,62182.2793589233,
TOURNAMENT,4,192,194392.4532327576,49784.4135068137,
TOURNAMENT,4,193,194392.4532327576,51888.8844852039,
TOURNAMENT,4,194,194392.4532327576,57031.5812766629,
TOURNAMENT,4,195,194392.4532327576,59723.3655212503,tournament/run_04/best_snakes/generation_195.dna
TOURNAMENT,4,196,194392.4532327576,56287.9515277359,
TOURNAMENT,4,197,194392.4532327576,63271.6886871066,
TOURNAMENT,4,198,194392.4532327576,63796.7972695506,
TOURNAMENT,4,199,194392.4532327576,59676.4377151900,
TOURNAMENT,4,200,194392.4532327576,60167.5295812652,tournament/run_04/best_snakes/generation_200.dna
TOURNAMENT,4,201,194392.4532327576,64077.3268039254,
TOURNAMENT,4,202,194392.4532327576,61899.3869745189,
TOURNAMENT,4,203,194392.4532327576,62035.7146885084,
TOURNAMENT,4,204,194392.4532327576,64341.3872821079,
TOURNAMENT,4,205,194392.4532327576,66606.0154364309,tournament/run_04/best_snakes/generation_205.dna
TOURNAMENT,4,206,194392.4532327576,67199.2561424276,
TOURNAMENT,4,207,194392.4532327576,61843.1195757810,
TOURNAMENT,4,208,194392.4532327576,59160.2484111995,
TOURNAMENT,4,209,194392.4532327576,53839.2226356602,
TOURNAMENT,4,210,194392.4532327576,61588.7014407641,tournament/run_04/best_snakes/generation_210.dna
TOURNAMENT,4,211,194392.4532327576,64499.9796768478,
TOURNAMENT,4,212,194392.4532327576,68743.3209739440,
TOURNAMENT,5,0,11493.1618253475,1958.8872492635,tournament/run_05/best_snakes/generation_000.dna
TOURNAMENT,5,1,11493.1618253475,2602.6552703649,
TOURNAMENT,5,2,29666.4180947762,3761.9671802953,
TOURNAMENT,5,3,29666.4180947762,3262.6615724450,
TOURNAMENT,5,4,29666.4180947762,3566.2165766818,
TOURNAMENT,5,5,70068.2645938407,5680.2633788798,tournament/run_05/best_snakes/generation_005.dna
TOURNAMENT,5,6,70068.2645938407,6065.5554836228,
TOURNAMENT,5,7,70068.2645938407,7038.2939682928,
TOURNAMENT,5,8,70068.2645938407,6044.1456352497,
TOURNAMENT,5,9,70068.2645938407,6688.2659996549,
TOURNAMENT,5,10,70068.2645938407,7898.4882789824,tournament/run_05/best_snakes/generation_010.dna
TOURNAMENT,5,11,70068.2645938407,6576.5038381295,
TOURNAMENT,5,12,70068.2645938407,9194.1122864116,
TOURNAMENT,5,13,70068.2645938407,8820.2213824627,
TOURNAMENT,5,14,70068.2645938407,9658.9846616724,
TOURNAMENT,5,15,70068.2645938407,12671.0751602204,tournament/run_05/best_snakes/generation_015.dna
TOURNAMENT,5,16,70068.2645938407,9920.2184304224,
TOURNAMENT,5,17,70068.2645938407,12589.3694922885,
TOURNAMENT,5,18,70068.2645938407,13028.9050224731,
TOURNAMENT,5,19,70068.2645938407,11680.9953218102,
TOURNAMENT,5,20,70068.2645938407,12362.1058098636,tournament/run_05/best_snakes/generation_020.dna
TOURNAMENT,5,21,70068.2645938407,13613.0606037232,
TOURNAMENT,5,22,70068.2645938407,16398.3394072238,
TOURNAMENT,5,23,70068.2645938407,15299.2835885045,
TOURNAMENT,5,24,70068.2645938407,14632.7684576213,
TOURNAMENT,5,25,70068.2645938407,14801.4959849052,tournament/run_05/best_snakes/generation_025.dna
TOURNAMENT,5,26,70068.2645938407,12177.5341354888,
TOURNAMENT,5,27,70068.2645938407,14815.0267078734,
TOURNAMENT,5,28,70068.2645938407,14159.1882208827,
TOURNAMENT,5,29,70068.2645938407,13746.7613161649,
TOURNAMENT,5,30,76100.7584017668,17193.2759645907,tournament/run_05/best_snakes/generation_030.dna
TOURNAMENT,5,31,83604.4727632646,18151.6413762978,
TOURNAMENT,5,32,83604.4727632646,21527.8899905062,
TOURNAMENT,5,33,83604.4727632646,16342.2481527242,
TOURNAMENT,5,34,83604.4727632646,17409.7148892478,
TOURNAMENT,5,35,83604.4727632646,18498.0316103795,tournament/run_05/best_snakes/generation_035.dna
TOURNAMENT,5,36,83604.4727632646,16016.4019278318,
TOURNAMENT,5,37,83604.4727632646,16489.5925967006,
TOURNAMENT,5,38,92925.8973233103,25471.9647762977,
TOURNAMENT,5,39,92925.8973233103,31010.3920011764,
TOURNAMENT,5,40,92925.8973233103,24441.7000914016,tournament/run_05/best_snakes/generation_040.dna
TOURNAMENT,5,41,92925.8973233103,23828.0637923433,
TOURNAMENT,5,42,92925.8973233103,25000.6220962147,
TOURNAMENT,5,43,93793.3910908306,30029.6741288562,
TOURNAMENT,5,44,93793.3910908306,28790.4763393268,
TOURNAMENT,5,45,98584.1087836276,27471.6106676229,tournament/run_05/best_snakes/generation_045.dna
TOURNAMENT,5,46,98584.1087836276,24814.3704970286,
TOURNAMENT,5,47,98584.1087836276,27209.3225585939,
TOURNAMENT,5,48,98584.1087836276,22519.2320350556,
TOURNAMENT,5,49,98584.1087836276,24303.2935121100,
TOURNAMENT,5,50,98584.1087836276,26203.6593592508,tournament/run_05/best_snakes/generation_050.dna
TOURNAMENT,5,51,98584.1087836276,23279.8323589612,
TOURNAMENT,5,52,98584.1087836276,27304.9876544976,
TOURNAMENT,5,53,98584.1087836276,32335.7278037685,
TOURNAMENT,5,54,98584.1087836276,29312.8282642118,
TOURNAMENT,5,55,98584.1087836276,25675.5145259172,tournament/run_05/best_snakes/generation_055.dna
TOURNAMENT,5,56,98584.1087836276,28846.0824476985,
TOURNAMENT,5,57,98584.1087836276,31920.6371178658,
TOURNAMENT,5,58,98584.1087836276,32452.1719567464,
TOURNAMENT,5,59,98584.1087836276,30646.2995985602,
TOURNAMENT,5,60,124916.2163794720,34323.1149362498,tournament/run_05/best_snakes/generation_060.dna
TOURNAMENT,5,61,144967.6608673129,36030.5715633849,
TOURNAMENT,5,62,144967.6608673129,37744.4070668963,
TOURNAMENT,5,63,144967.6608673129,39348.4041768757,
TOURNAMENT,5,64,144967.6608673129,43318.1291972935,
TOURNAMENT,5,65,144967.6608673129,41176.8755690715,tournament/run_05/best_snakes/generation_065.dna
TOURNAMENT,5,66,144967.6608673129,40526.5395309789,
TOURNAMENT,5,67,144967.6608673129,41273.8765931363,
TOURNAMENT,5,68,144967.6608673129,36488.8368566568,
TOURNAMENT,5,69,144967.6608673129,38407.3775543661,
TOURNAMENT,5,70,144967.6608673129,39721.8136867374,tournament/run_05/best_snakes/generation_070.dna
TOURNAMENT,5,71,144967.6608673129,40800.7365188658,
TOURNAMENT,5,72,144967.6608673129,42649.4343400177,
TOURNAMENT,5,73,144967.6608673129,42562.7528585097,
TOURNAMENT,5,74,144967.6608673129,45898.1685955241,
TOURNAMENT,5,75,144967.6608673129,46693.3987966263,tournament/run_05/best_snakes/generation_075.dna
TOURNAMENT,5,76,144967.6608673129,44303.0902422858,
TOURNAMENT,5,77,144967.6608673129,48740.0074618040,
TOURNAMENT,5,78,144967.6608673129,45569.6079326106,
TOURNAMENT,5,79,144967.6608673129,46106.8070856401,
TOURNAMENT,5,80,144967.6608673129,54728.6361957557,tournament/run_05/best_snakes/generation_080.dna
TOURNAMENT,5,81,144967.6608673129,49063.6267461060,
TOURNAMENT,5,82,152243.6051895720,49215.2202679671,
TOURNAMENT,5,83,152243.6051895720,57419.9673576933,
TOURNAMENT,5,84,152243.6051895720,53260.5341779807,
TOURNAMENT,5,85,152243.6051895720,50673.4483554657,tournament/run_05/best_snakes/generation_085.dna
TOURNAMENT,5,86,174536.5200062384,56170.9199371081,
TOURNAMENT,5,87,174536.5200062384,64313.9690551501,
TOURNAMENT,5,88,174536.5200062384,56292.2561885606,
TOURNAMENT,5,89,174536.5200062384,53343.1023006154,
TOURNAMENT,5,90,174536.5200062384,55563.1140944317,tournament/run_05/best_snakes/generation_090.dna
TOURNAMENT,5,91,174536.5200062384,54816.5886867873,
TOURNAMENT,5,92,174536.5200062384,62099.1227561956,
TOURNAMENT,5,93,174536.5200062384,60437.3211736094,
TOURNAMENT,5,94,174536.5200062384,59869.8546544017,
TOURNAMENT,5,95,174536.5200062384,61301.2349684323,tournament/run_05/best_snakes/generation_095.dna
TOURNAMENT,5,96,174536.5200062384,62944.7557418262,
TOURNAMENT,5,97,174536.5200062384,67303.9573588843,
TOURNAMENT,5,98,174536.5200062384,67878.5478531653,
TOURNAMENT,5,99,174536.5200062384,68801.9641155626,
TOURNAMENT,5,100,174536.5200062384,68545.9304456466,tournament/run_05/best_snakes/generation_100.dna
TOURNAMENT,5,101,174536.5200062384,63996.6340480228,
TOURNAMENT,5,102,174536.5200062384,67904.1384750259,
TOURNAMENT,5,103,174536.5200062384,68169.0879280084,
TOURNAMENT,5,104,174536.5200062384,67431.1984832940,
TOURNAMENT,5,105,174536.5200062384,64730.2624016265,tournament/run_05/best_snakes/generation_105.dna
TOURNAMENT,5,106,174536.5200062384,69864.0713942377,
TOURNAMENT,5,107,174536.5200062384,69147.5603278645,
TOURNAMENT,5,108,174536.5200062384,65549.6924985241,
TOURNAMENT,5,109,239161.3115202594,77992.9182636473,
TOURNAMENT,5,110,239161.3115202594,74532.6319453996,tournament/run_05/best_snakes/generation_110.dna
TOURNAMENT,5,111,239161.3115202594,75102.9190194106,
TOURNAMENT,5,112,239161.3115202594,68669.1687424112,
TOURNAMENT,5,113,239161.3115202594,65025.3494247174,
TOURNAMENT,5,114,239161.3115202594,65082.9955777452,
TOURNAMENT,5,115,239161.3115202594,69970.1240610013,tournament/run_05/best_snakes/generation_115.dna
TOURNAMENT,5,116,239161.3115202594,70268.8284574112,
TOURNAMENT,5,117,239161.3115202594,71938.4352180062,
TOURNAMENT,5,118,239161.3115202594,73461.5091523156,
TOURNAMENT,5,119,239161.3115202594,70604.9749622708,
TOURNAMENT,5,120,239161.3115202594,66931.6599316149,tournament/run_05/best_snakes/generation_120.dna
TOURNAMENT,5,121,239161.3115202594,71355.0156425151,
TOURNAMENT,5,122,239161.3115202594,76972.3969808410,
TOURNAMENT,5,123,239161.3115202594,73398.8608826602,
TOURNAMENT,5,124,239161.3115202594,74316.4461226851,
TOURNAMENT,5,125,239161.3115202594,67712.6969097229,tournament/run_05/best_snakes/generation_125.dna
TOURNAMENT,5,126,239161.3115202594,73696.9548966328,
TOURNAMENT,5,127,239161.3115202594,72232.8720468517,
TOURNAMENT,5,128,239161.3115202594,82379.9332765249,
TOURNAMENT,5,129,239161.3115202594,76734.8146447406,
TOURNAMENT,5,130,239161.3115202594,69287.4953848524,tournament/run_05/best_snakes/generation_130.dna
TOURNAMENT,5,131,239161.3115202594,75437.1128707521,
TOURNAMENT,5,132,239161.3115202594,73935.2549849351,
TOURNAMENT,5,133,239161.3115202594,72446.9069146720,
TOURNAMENT,5,134,239161.3115202594,69503.2159603411,
TOURNAMENT,5,135,239161.3115202594,73508.0815299371,tournament/run_05/best_snakes/generation_135.dna
TOURNAMENT,5,136,239161.3115202594,74404.9538035307,
TOURNAMENT,5,137,239161.3115202594,74574.3085199886,
TOURNAMENT,5,138,239161.3115202594,73673.1796631127,
TOURNAMENT,5,139,239161.3115202594,74630.2209416328,
TOURNAMENT,5,140,239161.3115202594,70753.8515744059,tournament/run_05/best_snakes/generation_140.dna
TOURNAMENT,5,141,239161.3115202594,75777.4110660557,
TOURNAMENT,5,142,239161.3115202594,65822.6170427072,
TOURNAMENT,5,143,239161.3115202594,61115.3988248704,
TOURNAMENT,5,144,239161.3115202594,57004.2532669142,
TOURNAMENT,5,145,239161.3115202594,64616.3274863198,tournament/run_05/best_snakes/generation_145.dna
TOURNAMENT,5,146,239161.3115202594,67689.2648572094,
TOURNAMENT,5,147,239161.3115202594,77724.9190362550,
TOURNAMENT,5,148,239161.3115202594,70328.0473636429,
TOURNAMENT,5,149,239161.3115202594,78871.6432466561,
ROULETTE,1,0,40450.7521106880,3355.0469831528,roulette/run_01/best_snakes/generation_000.dna
ROULETTE,1,1,40450.7521106880,5966.1039834545,
ROULETTE,1,2,40450.7521106880,6533.7183955408,
ROULETTE,1,3,50615.7705532656,11156.3968785741,
ROULETTE,1,4,58057.2938933401,12368.8642672168,
ROULETTE,1,5,63490.1727273639,16884.5948057022,roulette/run_01/best_snakes/generation_005.dna
ROULETTE,1,6,63490.1727273639,21183.9394173198,
ROULETTE,1,7,63490.1727273639,21389.9976147777,
ROULETTE,1,8,73170.2623466864,22907.6833789710,
ROULETTE,1,9,121931.9121612369,28963.1955076975,
ROULETTE,1,10,121931.9121612369,28906.8991791224,roulette/run_01/best_snakes/generation_010.dna
ROULETTE,1,11,121931.9121612369,33200.1923398575,
ROULETTE,1,12,121931.9121612369,30721.3614905934,
ROULETTE,1,13,121931.9121612369,32282.8054013487,
ROULETTE,1,14,121931.9121612369,35857.6261182019,
ROULETTE,1,15,121931.9121612369,31146.4017925330,roulette/run_01/best_snakes/generation_015.dna
ROULETTE,1,16,121931.9121612369,41811.6778921787,
ROULETTE,1,17,121931.9121612369,43261.5283617340,
ROULETTE,1,18,135273.7352484495,38186.1900571770,
ROULETTE,1,19,135273.7352484495,44472.6234398614,
ROULETTE,1,20,135273.7352484495,48515.4091152225,roulette/run_01/best_snakes/generation_020.dna
ROULETTE,1,21,135273.7352484495,55283.3377131634,
ROULETTE,1,22,155851.2814521630,51559.3707063336,
ROULETTE,1,23,155851.2814521630,52805.7559472001,
ROULETTE,1,24,155851.2814521630,53961.4090454315,
ROULETTE,1,25,155851.2814521630,49059.3793280360,roulette/run_01/best_snakes/generation_025.dna
ROULETTE,1,26,155851.2814521630,54294.4233534793,
ROULETTE,1,27,155851.2814521630,51878.0265931506,
ROULETTE,1,28,155851.2814521630,55986.0967822121,
ROULETTE,1,29,155851.2814521630,59524.9089663149,
ROULETTE,1,30,155851.2814521630,68519.4684552002,roulette/run_01/best_snakes/generation_030.dna
ROULETTE,1,31,155851.2814521630,65445.7568761957,
ROULETTE,1,32,155851.2814521630,67257.8186080130,
ROULETTE,1,33,155851.2814521630,65358.9480594187,
ROULETTE,1,34,164706.5315146644,64797.0064326515,
ROULETTE,1,35,164706.5315146644,70866.4282965354,roulette/run_01/best_snakes/generation_035.dna
ROULETTE,1,36,164706.5315146644,75576.5973613753,
ROULETTE,1,37,182705.8124836160,73180.2987181686,
ROULETTE,1,38,182705.8124836160,72596.1907681209,
ROULETTE,1,39,182705.8124836160,73700.5310509028,
ROULETTE,1,40,184136.0673534090,84057.2197379548,roulette/run_01/best_snakes/generation_040.dna
ROULETTE,1,41,184136.0673534090,83044.1372629002,
ROULETTE,1,42,184136.0673534090,85198.8395918913,
ROULETTE,1,43,184136.0673534090,75330.1849385974,
ROULETTE,1,44,184136.0673534090,74119.1035568790,
ROULETTE,1,45,184136.0673534090,82966.8910337319,roulette/run_01/best_snakes/generation_045.dna
ROULETTE,1,46,184136.0673534090,75094.8267142103,
ROULETTE,1,47,184136.0673534090,78018.9900974691,
ROULETTE,1,48,184136.0673534090,80588.8619441564,
ROULETTE,1,49,191275.4292660178,80755.2910229199,
ROULETTE,1,50,191275.4292660178,85607.8682338933,roulette/run_01/best_snakes/generation_050.dna
ROULETTE,1,51,191275.4292660178,83083.8248888184,
ROULETTE,1,52,191346.6456553833,83770.2552524958,
ROULETTE,1,53,191346.6456553833,87027.2415516899,
ROULETTE,1,54,194282.4750856725,75745.7192661599,
ROULETTE,1,55,194282.4750856725,83409.8236993654,roulette/run_01/best_snakes/generation_055.dna
ROULETTE,1,56,194330.9208060101,93001.9397502197,
ROULETTE,1,57,194330.9208060101,97421.6821323577,
ROULETTE,1,58,194330.9208060101,101418.0248198414,
ROULETTE,1,59,194330.9208060101,98574.2392129890,
ROULETTE,1,60,194330.9208060101,83929.7010388233,roulette/run_01/best_snakes/generation_060.dna
ROULETTE,1,61,201457.7266559854,95004.1132332419,
ROULETTE,1,62,201457.7266559854,94377.3638215624,
ROULETTE,1,63,201457.7266559854,85129.7024161010,
ROULETTE,1,64,201457.7266559854,97193.6491770408,
ROULETTE,1,65,201457.7266559854,103801.9686619306,roulette/run_01/best_snakes/generation_065.dna
ROULETTE,1,66,201457.7266559854,106978.9880608940,
ROULETTE,1,67,203435.5854961515,107571.8771011504,
ROULETTE,1,68,210070.4316730113,107990.5498878196,
ROULETTE,1,69,210070.4316730113,108056.3699968512,
ROULETTE,1,70,210070.4316730113,111112.1266615718,roulette/run_01/best_snakes/generation_070.dna
ROULETTE,1,71,210070.4316730113,115446.3965082305,
ROULETTE,1,72,222068.6864821257,106689.9442070146,
ROULETTE,1,73,222068.6864821257,101169.2768004454,
ROULETTE,1,74,222068.6864821257,110445.1171357298,
ROULETTE,1,75,231928.2437779273,107268.5268239450,roulette/run_01/best_snakes/generation_075.dna
ROULETTE,1,76,231928.2437779273,102696.5633652083,
ROULETTE,1,77,231928.2437779273,108489.3893831572,
ROULETTE,1,78,231928.2437779273,104412.2615362252,
ROULETTE,1,79,231928.2437779273,106058.3565544648,
ROULETTE,1,80,231928.2437779273,100435.8944616921,roulette/run_01/best_snakes/generation_080.dna
ROULETTE,1,81,231928.2437779273,103412.5501874047,
ROULETTE,1,82,231928.2437779273,103020.2869593816,
ROULETTE,1,83,231928.2437779273,99089.4490459953,
ROULETTE,1,84,231928.2437779273,95304.0354743959,
ROULETTE,1,85,231928.2437779273,107206.3592856454,roulette/run_01/best_snakes/generation_085.dna
ROULETTE,1,86,231928.2437779273,110622.9148436170,
ROULETTE,1,87,231928.2437779273,105369.7701957758,
ROULETTE,1,88,231928.2437779273,108002.5495832642,
ROULETTE,1,89,231928.2437779273,105499.6321076019,
ROULETTE,1,90,231928.2437779273,109582.6779695393,roulette/run_01/best_snakes/generation_090.dna
ROULETTE,1,91,231928.2437779273,115845.5521405353,
ROULETTE,1,92,231928.2437779273,127784.4773881487,
ROULETTE,1,93,231928.2437779273,127687.5014642368,
ROULETTE,1,94,231928.2437779273,110137.5894903616,
ROULETTE,1,95,240163.5531935272,99941.8054323856,roulette/run_01/best_snakes/generation_095.dna
ROULETTE,1,96,240163.5531935272,105356.5938017863,
ROULETTE,1,97,240163.5531935272,101319.3071368911,
ROULETTE,1,98,240163.5531935272,105022.9341118222,
ROULETTE,1,99,240163.5531935272,108901.8661966612,
ROULETTE,1,100,240163.5531935272,113504.0524449997,roulette/run_01/best_snakes/generation_100.dna
ROULETTE,1,101,240163.5531935272,113478.7997563674,
ROULETTE,1,102,240163.5531935272,104680.7929257994,
ROULETTE,1,103,240163.5531935272,97949.2371109889,
ROULETTE,1,104,240163.5531935272,115342.7773089264,
ROULETTE,1,105,240163.5531935272,127862.5237059764,roulette/run_01/best_snakes/generation_105.dna
ROULETTE,1,106,240163.5531935272,111873.0477520326,
ROULETTE,1,107,240163.5531935272,118748.6436489292,
ROULETTE,1,108,240163.5531935272,109934.7283968822,
ROULETTE,1,109,240163.5531935272,108015.2164510408,
ROULETTE,1,110,240163.5531935272,107472.6414651579,roulette/run_01/best_snakes/generation_110.dna
ROULETTE,1,111,240163.5531935272,103448.9107069552,
ROULETTE,1,112,240163.5531935272,110089.9028499241,
ROULETTE,1,113,240163.5531935272,98375.5709130279,
ROULETTE,1,114,240163.5531935272,107134.2755128069,
ROULETTE,1,115,240163.5531935272,109622.5364991794,roulette/run_01/best_snakes/generation_115.dna
ROULETTE,1,116,240163.5531935272,114454.0068378606,
ROULETTE,1,117,240163.5531935272,117069.3092532668,
ROULETTE,1,118,240163.5531935272,109289.3385061804,
ROULETTE,1,119,240163.5531935272,102684.6014882039,
ROULETTE,1,120,240163.5531935272,111316.2623267419,roulette/run_01/best_snakes/generation_120.dna
ROULETTE,1,121,240163.5531935272,106430.6145149550,
ROULETTE,1,122,240163.5531935272,100867.3447166396,
ROULETTE,1,123,240163.5531935272,98743.4082953974,
ROULETTE,1,124,240163.5531935272,102367.9751928017,
ROULETTE,1,125,240163.5531935272,106088.0078518883,roulette/run_01/best_snakes/generation_125.dna
ROULETTE,1,126,240163.5531935272,103469.0236982990,
ROULETTE,1,127,240163.5531935272,107250.3210535370,
ROULETTE,1,128,240163.5531935272,104169.7060371359,
ROULETTE,1,129,240163.5531935272,93637.8996012117,
ROULETTE,1,130,240163.5531935272,107882.0124617040,roulette/run_01/best_snakes/generation_130.dna
ROULETTE,1,131,240163.5531935272,116375.8247357321,
ROULETTE,1,132,240163.5531935272,101682.6866321381,
ROULETTE,1,133,240163.5531935272,104348.7707705495,
ROULETTE,1,134,240163.5531935272,108643.2185009324,
ROULETTE,1,135,240163.5531935272,96898.3776276510,roulette/run_01/best_snakes/generation_135.dna
ROULETTE,2,0,18466.8115149220,2451.4503114480,roulette/run_02/best_snakes/generation_000.dna
ROULETTE,2,1,43179.2531945803,4606.0419410584,
ROULETTE,2,2,43420.1668628870,7665.2784062660,
ROULETTE,2,3,43420.1668628870,9555.0768495559,
ROULETTE,2,4,43420.1668628870,10146.5539068043,
ROULETTE,2,5,43420.1668628870,13537.5779892695,roulette/run_02/best_snakes/generation_005.dna
ROULETTE,2,6,46935.9938892040,13997.9934211174,
ROULETTE,2,7,54058.0493879141,18545.0412067391,
ROULETTE,2,8,54058.0493879141,17952.4907540791,
ROULETTE,2,9,54058.0493879141,19607.7104100129,
ROULETTE,2,10,61858.0737135678,19905.4958698279,roulette/run_02/best_snakes/generation_010.dna
ROULETTE,2,11,61858.0737135678,19475.3144999154,
ROULETTE,2,12,61858.0737135678,20131.7357490206,
ROULETTE,2,13,61858.0737135678,22108.7704716706,
ROULETTE,2,14,62426.0869685042,23163.7730545707,
ROULETTE,2,15,70696.3570039321,24917.3577958353,roulette/run_02/best_snakes/generation_015.dna
ROULETTE,2,16,70696.3570039321,25463.2957167512,
ROULETTE,2,17,70696.3570039321,22447.4422035401,
ROULETTE,2,18,78838.1491324880,24782.5805067929,
ROULETTE,2,19,78838.1491324880,29038.1715632188,
ROULETTE,2,20,88659.7459928596,30049.8868476592,roulette/run_02/best_snakes/generation_020.dna
ROULETTE,2,21,88659.7459928596,32948.0058960826,
ROULETTE,2,22,88659.7459928596,33288.7673932247,
ROULETTE,2,23,88740.2330725033,33311.5725361041,
ROULETTE,2,24,88740.2330725033,35789.1108943651,
ROULETTE,2,25,88740.2330725033,34170.3237088188,roulette/run_02/best_snakes/generation_025.dna
ROULETTE,2,26,93025.1026684185,35146.1491825242,
ROULETTE,2,27,93025.1026684185,31585.6322816391,
ROULETTE,2,28,93025.1026684185,32238.6284832834,
ROULETTE,2,29,93025.1026684185,32307.1776114111,
ROULETTE,2,30,108812.6575922620,32316.6308250644,roulette/run_02/best_snakes/generation_030.dna
ROULETTE,2,31,108812.6575922620,29691.4560298134,
ROULETTE,2,32,108812.6575922620,32521.3358871287,
ROULETTE,2,33,108812.6575922620,28601.6407227146,
ROULETTE,2,34,108812.6575922620,31713.1030586453,
ROULETTE,2,35,108812.6575922620,33906.2358817674,roulette/run_02/best_snakes/generation_035.dna
ROULETTE,2,36,108812.6575922620,33390.4997474504,
ROULETTE,2,37,108812.6575922620,37923.4190315036,
ROULETTE,2,38,108812.6575922620,37467.4173151259,
ROULETTE,2,39,108812.6575922620,37694.3356167036,
ROULETTE,2,40,108812.6575922620,34284.0958975886,roulette/run_02/best_snakes/generation_040.dna
ROULETTE,2,41,108812.6575922620,35771.8041558223,
ROULETTE,2,42,108812.6575922620,39069.0242095197,
ROULETTE,2,43,108812.6575922620,34121.2769105452,
ROULETTE,2,44,108812.6575922620,34870.9083063438,
ROULETTE,2,45,108812.6575922620,35726.9429232404,roulette/run_02/best_snakes/generation_045.dna
ROULETTE,2,46,108812.6575922620,37770.7040397692,
ROULETTE,2,47,108812.6575922620,32563.1809587980,
ROULETTE,2,48,108812.6575922620,31313.3677310546,
ROULETTE,2,49,108812.6575922620,36665.1132098243,
ROULETTE,2,50,108812.6575922620,36128.7379498081,roulette/run_02/best_snakes/generation_050.dna
ROULETTE,2,51,108812.6575922620,39480.8772776024,
ROULETTE,2,52,108812.6575922620,39165.3144069505,
ROULETTE,2,53,108812.6575922620,42383.9278834772,
ROULETTE,2,54,108812.6575922620,38263.0458745751,
ROULETTE,2,55,108812.6575922620,33873.7052313449,roulette/run_02/best_snakes/generation_055.dna
ROULETTE,2,56,108812.6575922620,39108.0110029596,
ROULETTE,2,57,108812.6575922620,35511.6394330263,
ROULETTE,2,58,108812.6575922620,36393.9733373687,
ROULETTE,2,59,108812.6575922620,35545.0658602635,
ROULETTE,2,60,108812.6575922620,34169.1476008507,roulette/run_02/best_snakes/generation_060.dna
ROULETTE,2,61,108812.6575922620,38907.1476344759,
ROULETTE,2,62,108812.6575922620,39661.8943935610,
ROULETTE,2,63,132982.6430397727,39420.5190964402,
ROULETTE,2,64,132982.6430397727,41569.3619451764,
ROULETTE,2,65,132982.6430397727,39436.3413253893,roulette/run_02/best_snakes/generation_065.dna
ROULETTE,2,66,132982.6430397727,37559.0505424715,
ROULETTE,2,67,132982.6430397727,41935.3472038382,
ROULETTE,2,68,132982.6430397727,44048.7637066373,
ROULETTE,2,69,132982.6430397727,46773.3406441017,
ROULETTE,2,70,132982.6430397727,43687.2900905669,roulette/run_02/best_snakes/generation_070.dna
ROULETTE,2,71,132982.6430397727,43587.3540840877,
ROULETTE,2,72,132982.6430397727,43998.9616857698,
ROULETTE,2,73,132982.6430397727,45955.3133030984,
ROULETTE,2,74,132982.6430397727,40936.4091439657,
ROULETTE,2,75,132982.6430397727,41944.8455636481,roulette/run_02/best_snakes/generation_075.dna
ROULETTE,2,76,132982.6430397727,45068.9786445739,
ROULETTE,2,77,132982.6430397727,48509.4058886409,
ROULETTE,2,78,132982.6430397727,42105.6641090065,
ROULETTE,2,79,132982.6430397727,46488.5609653730,
ROULETTE,2,80,132982.6430397727,44084.3750955545,roulette/run_02/best_snakes/generation_080.dna
ROULETTE,2,81,132982.6430397727,45495.2136382072,
ROULETTE,2,82,132982.6430397727,45150.7545954445,
ROULETTE,2,83,132982.6430397727,45174.1613579362,
ROULETTE,2,84,132982.6430397727,40559.8509513318,
ROULETTE,2,85,132982.6430397727,47696.7799430664,roulette/run_02/best_snakes/generation_085.dna
ROULETTE,2,86,132982.6430397727,46392.7957997735,
ROULETTE,2,87,132982.6430397727,44093.3601106174,
ROULETTE,2,88,132982.6430397727,43568.0692269514,
ROULETTE,2,89,132982.6430397727,46218.5828935238,
ROULETTE,2,90,132982.6430397727,49398.5800150284,roulette/run_02/best_snakes/generation_090.dna
ROULETTE,2,91,132982.6430397727,49772.5782451996,
ROULETTE,2,92,132982.6430397727,49275.1380455374,
ROULETTE,2,93,132982.6430397727,47590.5501436101,
ROULETTE,2,94,132982.6430397727,50083.4495975569,
ROULETTE,2,95,132982.6430397727,49929.9831582042,roulette/run_02/best_snakes/generation_095.dna
ROULETTE,2,96,132982.6430397727,54508.9604646849,
ROULETTE,2,97,132982.6430397727,52726.5909849653,
ROULETTE,2,98,132982.6430397727,47332.7728406612,
ROULETTE,2,99,132982.6430397727,45087.0895258463,
ROULETTE,2,100,132982.6430397727,52072.6681991774,roulette/run_02/best_snakes/generation_100.dna
ROULETTE,2,101,132982.6430397727,46817.1307769441,
ROULETTE,2,102,132982.6430397727,50726.5485492928,
ROULETTE,2,103,132982.6430397727,48537.3697669709,
ROULETTE,3,0,20916.0475185729,2441.2506746522,roulette/run_03/best_snakes/generation_000.dna
ROULETTE,3,1,32028.2377032707,4443.4744412109,
ROULETTE,3,2,62318.6858255907,6906.3066920966,
ROULETTE,3,3,62318.6858255907,11739.0202953562,
ROULETTE,3,4,62318.6858255907,16951.8876562586,
ROULETTE,3,5,62318.6858255907,17046.0231470133,roulette/run_03/best_snakes/generation_005.dna
ROULETTE,3,6,66153.4613160037,20026.4385550635,
ROULETTE,3,7,66153.4613160037,21989.5350938229,
ROULETTE,3,8,76543.4693153345,23196.1034635066,
ROULETTE,3,9,88223.8145603093,27094.6198409069,
ROULETTE,3,10,88223.8145603093,23586.1661376962,roulette/run_03/best_snakes/generation_010.dna
ROULETTE,3,11,88223.8145603093,27317.4839313975,
ROULETTE,3,12,88223.8145603093,28962.0674642634,
ROULETTE,3,13,88223.8145603093,29330.2843653404,
ROULETTE,3,14,92945.6266305428,30665.3815544159,
ROULETTE,3,15,92945.6266305428,33409.8633487383,roulette/run_03/best_snakes/generation_015.dna
ROULETTE,3,16,92945.6266305428,30858.4374093934,
ROULETTE,3,17,92945.6266305428,32824.1234335286,
ROULETTE,3,18,92945.6266305428,30614.8088033205,
ROULETTE,3,19,103263.3829092850,37381.3671837160,
ROULETTE,3,20,103263.3829092850,41549.0325393235,roulette/run_03/best_snakes/generation_020.dna
ROULETTE,3,21,103263.3829092850,34667.6384606258,
ROULETTE,3,22,103263.3829092850,36354.1937136672,
ROULETTE,3,23,105391.8181221880,39482.2533650929,
ROULETTE,3,24,105391.8181221880,35923.6573627761,
ROULETTE,3,25,105391.8181221880,34956.3827316023,roulette/run_03/best_snakes/generation_025.dna
ROULETTE,3,26,105391.8181221880,39414.3506869996,
ROULETTE,3,27,105391.8181221880,34432.3522281205,
ROULETTE,3,28,108098.8580480615,42687.4146924545,
ROULETTE,3,29,108098.8580480615,39191.2265947499,
ROULETTE,3,30,108098.8580480615,44668.0069769525,roulette/run_03/best_snakes/generation_030.dna
ROULETTE,3,31,108098.8580480615,40821.7034744756,
ROULETTE,3,32,108098.8580480615,45209.1120422914,
ROULETTE,3,33,108200.7000996933,47440.6457195267,
ROULETTE,3,34,108200.7000996933,45026.1138641149,
ROULETTE,3,35,108200.7000996933,48961.3176151137,roulette/run_03/best_snakes/generation_035.dna
ROULETTE,3,36,119676.6155539724,44005.6821585680,
ROULETTE,3,37,119676.6155539724,50587.0515567441,
ROULETTE,3,38,119676.6155539724,52687.6237454048,
ROULETTE,3,39,119676.6155539724,51392.9237067151,
ROULETTE,3,40,119676.6155539724,44641.1077726566,roulette/run_03/best_snakes/generation_040.dna
ROULETTE,3,41,119676.6155539724,49646.0057078584,
ROULETTE,3,42,119676.6155539724,51134.2659677044,
ROULETTE,3,43,119676.6155539724,50707.2353968450,
ROULETTE,3,44,119676.6155539724,47784.7008211902,
ROULETTE,3,45,119676.6155539724,51924.9264199402,roulette/run_03/best_snakes/generation_045.dna
ROULETTE,3,46,119676.6155539724,56690.2601685506,
ROULETTE,3,47,119676.6155539724,52356.8289169829,
ROULETTE,3,48,119676.6155539724,49717.2430223238,
ROULETTE,3,49,119676.6155539724,52258.6183020744,
ROULETTE,3,50,119676.6155539724,44973.1413367202,roulette/run_03/best_snakes/generation_050.dna
ROULETTE,3,51,119676.6155539724,50740.4403154662,
ROULETTE,3,52,124552.3875196943,52311.5692593012,
ROULETTE,3,53,124552.3875196943,52310.6471119132,
ROULETTE,3,54,124552.3875196943,49126.6748802317,
ROULETTE,3,55,124552.3875196943,49961.2438648595,roulette/run_03/best_snakes/generation_055.dna
ROULETTE,3,56,124552.3875196943,45257.6412850461,
ROULETTE,3,57,124552.3875196943,51101.2693337537,
ROULETTE,3,58,124552.3875196943,52398.0238676252,
ROULETTE,3,59,124552.3875196943,52242.2427747133,
ROULETTE,3,60,125452.1675104962,53085.0443172470,roulette/run_03/best_snakes/generation_060.dna
ROULETTE,3,61,125452.1675104962,56682.1880619614,
ROULETTE,3,62,125452.1675104962,50678.6832070958,
ROULETTE,3,63,130221.1820487249,52258.6153558731,
ROULETTE,3,64,130221.1820487249,51599.8373730679,
ROULETTE,3,65,130221.1820487249,52497.7464368932,roulette/run_03/best_snakes/generation_065.dna
ROULETTE,3,66,130221.1820487249,53178.4120149384,
ROULETTE,3,67,130221.1820487249,52342.9412203952,
ROULETTE,3,68,130221.1820487249,49253.6138721642,
ROULETTE,3,69,130221.1820487249,43146.0419093153,
ROULETTE,3,70,130221.1820487249,47957.9017824116,roulette/run_03/best_snakes/generation_070.dna
ROULETTE,3,71,130221.1820487249,59726.2088634476,
ROULETTE,3,72,130221.1820487249,62986.4074846033,
ROULETTE,3,73,130221.1820487249,52454.4842904192,
ROULETTE,3,74,130221.1820487249,54190.2211463454,
ROULETTE,3,75,130221.1820487249,52175.9715874747,roulette/run_03/best_snakes/generation_075.dna
ROULETTE,3,76,130221.1820487249,52940.3541714708,
ROULETTE,3,77,130221.1820487249,57019.0432208976,
ROULETTE,3,78,130221.1820487249,50290.9036967900,
ROULETTE,3,79,130221.1820487249,49144.8860151475,
ROULETTE,3,80,130221.1820487249,55923.5897564260,roulette/run_03/best_snakes/generation_080.dna
ROULETTE,3,81,130221.1820487249,54861.7608231409,
ROULETTE,3,82,130221.1820487249,49604.5924911530,
ROULETTE,3,83,133981.0456703953,60005.6295532830,
ROULETTE,3,84,133981.0456703953,60151.1730669874,
ROULETTE,3,85,133981.0456703953,55110.3941252450,roulette/run_03/best_snakes/generation_085.dna
ROULETTE,3,86,133981.0456703953,49003.9446821524,
ROULETTE,3,87,133981.0456703953,50714.1626054996,
ROULETTE,3,88,133981.0456703953,51256.1317767099,
ROULETTE,3,89,133981.0456703953,55605.6374663660,
ROULETTE,3,90,133981.0456703953,52567.7875939037,roulette/run_03/best_snakes/generation_090.dna
ROULETTE,3,91,133981.0456703953,58049.2348311948,
ROULETTE,3,92,133981.0456703953,49480.9031609965,
ROULETTE,3,93,133981.0456703953,59228.0172344291,
ROULETTE,3,94,133981.0456703953,53080.4806046116,
ROULETTE,3,95,135281.2437874344,48816.8919911980,roulette/run_03/best_snakes/generation_095.dna
ROULETTE,3,96,135281.2437874344,51061.7528918559,
ROULETTE,3,97,135281.2437874344,49699.2337629266,
ROULETTE,3,98,135281.2437874344,53109.3201187323,
ROULETTE,3,99,135281.2437874344,54382.8385425594,
ROULETTE,3,100,142160.3517465362,57848.5077299019,roulette/run_03/best_snakes/generation_100.dna
ROULETTE,3,101,142160.3517465362,49475.9073467853,
ROULETTE,3,102,142160.3517465362,56277.3382344107,
ROULETTE,3,103,142160.3517465362,52572.4337139299,
ROULETTE,3,104,142160.3517465362,57834.7736414649,
ROULETTE,3,105,142160.3517465362,59551.8774019311,roulette/run_03/best_snakes/generation_105.dna
ROULETTE,3,106,142160.3517465362,62193.6215990276,
ROULETTE,3,107,142160.3517465362,62641.5845876298,
ROULETTE,3,108,142160.3517465362,58726.6946212413,
ROULETTE,3,109,142160.3517465362,65055.8611519270,
ROULETTE,3,110,142160.3517465362,58750.9729032380,roulette/run_03/best_snakes/generation_110.dna
ROULETTE,3,111,142160.3517465362,60147.0169874896,
ROULETTE,3,112,142160.3517465362,54152.6458288380,
ROULETTE,3,113,142160.3517465362,54647.7537569989,
ROULETTE,3,114,142160.3517465362,59226.1159198324,
ROULETTE,3,115,142160.3517465362,59250.1440175992,roulette/run_03/best_snakes/generation_115.dna
ROULETTE,3,116,148276.0369254589,62360.8516509399,
ROULETTE,3,117,148276.0369254589,60751.1278430822,
ROULETTE,3,118,148276.0369254589,60930.6785495167,
ROULETTE,3,119,148276.0369254589,62536.2096797907,
ROULETTE,3,120,148276.0369254589,58375.2415307513,roulette/run_03/best_snakes/generation_120.dna
ROULETTE,3,121,148276.0369254589,61839.0202170736,
ROULETTE,3,122,148276.0369254589,61717.5433953656,
ROULETTE,3,123,148276.0369254589,55512.7356492758,
ROULETTE,3,124,148276.0369254589,55979.6586558001,
ROULETTE,3,125,148276.0369254589,54420.9712243065,roulette/run_03/best_snakes/generation_125.dna
ROULETTE,3,126,148276.0369254589,55298.3436255679,
ROULETTE,3,127,148276.0369254589,63625.8629923419,
ROULETTE,3,128,148276.0369254589,66209.2617568551,
ROULETTE,3,129,148276.0369254589,61013.3542277543,
ROULETTE,3,130,148276.0369254589,57701.3332503580,roulette/run_03/best_snakes/generation_130.dna
ROULETTE,3,131,148365.8407716546,63630.3109856104,
ROULETTE,3,132,148365.8407716546,60212.8136689397,
ROULETTE,3,133,148365.8407716546,64123.8194878896,
ROULETTE,3,134,148365.8407716546,59499.0600215608,
ROULETTE,3,135,148365.8407716546,61208.8109961839,roulette/run_03/best_snakes/generation_135.dna
ROULETTE,3,136,148365.8407716546,58360.6665326745,
ROULETTE,3,137,148365.8407716546,60789.2347581894,
ROULETTE,3,138,148365.8407716546,62392.9565078845,
ROULETTE,3,139,148365.8407716546,62586.3259438648,
ROULETTE,3,140,148365.8407716546,60735.5184725174,roulette/run_03/best_snakes/generation_140.dna
ROULETTE,3,141,148365.8407716546,66908.1650653779,
ROULETTE,3,142,148365.8407716546,64453.7487629035,
ROULETTE,3,143,148365.8407716546,62184.7235725437,
ROULETTE,3,144,148365.8407716546,60923.6072266621,
ROULETTE,3,145,148365.8407716546,64472.3842072215,roulette/run_03/best_snakes/generation_145.dna
ROULETTE,3,146,148365.8407716546,67244.7791419644,
ROULETTE,3,147,148365.8407716546,65453.8265836108,
ROULETTE,3,148,148365.8407716546,64038.7717817990,
ROULETTE,3,149,148365.8407716546,66335.2980351495,
ROULETTE,3,150,148365.8407716546,65722.0596646268,roulette/run_03/best_snakes/generation_150.dna
ROULETTE,3,151,148365.8407716546,58657.3836375055,
ROULETTE,3,152,148365.8407716546,61593.7007156786,
ROULETTE,3,153,148365.8407716546,59564.7458394889,
ROULETTE,3,154,148365.8407716546,60651.9142782501,
ROULETTE,3,155,148365.8407716546,59462.6156303357,roulette/run_03/best_snakes/generation_155.dna
ROULETTE,3,156,148365.8407716546,63830.2609375057,
ROULETTE,4,0,7393.6317989464,1531.6032436002,roulette/run_04/best_snakes/generation_000.dna
ROULETTE,4,1,14899.5343616011,2765.2629906294,
ROULETTE,4,2,22528.3082158542,3510.4754020575,
ROULETTE,4,3,22557.9989769767,4722.9703084155,
ROULETTE,4,4,22557.9989769767,5844.0962116445,
ROULETTE,4,5,40230.9557170949,6284.1961733267,roulette/run_04/best_snakes/generation_005.dna
ROULETTE,4,6,40230.9557170949,8504.5867695548,
ROULETTE,4,7,63291.1584579328,9166.3338081808,
ROULETTE,4,8,63291.1584579328,13942.4922647383,
ROULETTE,4,9,74616.0948433157,21224.5126579112,
ROULETTE,4,10,80318.8313319466,27477.8648487315,roulette/run_04/best_snakes/generation_010.dna
ROULETTE,4,11,84273.8637667063,30920.2250775621,
ROULETTE,4,12,88153.7731282915,33996.4588270313,
ROULETTE,4,13,88153.7731282915,38444.2818964768,
ROULETTE,4,14,108436.7664288317,47977.7576218770,
ROULETTE,4,15,108436.7664288317,47371.2626679390,roulette/run_04/best_snakes/generation_015.dna
ROULETTE,4,16,123997.5939166561,46560.5073072208,
ROULETTE,4,17,123997.5939166561,48895.3683678262,
ROULETTE,4,18,123997.5939166561,47082.9786262478,
ROULETTE,4,19,123997.5939166561,45512.9356306299,
ROULETTE,4,20,126764.1616249879,49792.5888758893,roulette/run_04/best_snakes/generation_020.dna
ROULETTE,4,21,130849.5222266529,49285.3566434889,
ROULETTE,4,22,130849.5222266529,59245.2560527997,
ROULETTE,4,23,148096.0009184827,55379.8976419602,
ROULETTE,4,24,148096.0009184827,50593.8211432921,
ROULETTE,4,25,148096.0009184827,46860.0840278306,roulette/run_04/best_snakes/generation_025.dna
ROULETTE,4,26,148096.0009184827,56604.0381892411,
ROULETTE,4,27,148096.0009184827,45686.2142634880,
ROULETTE,4,28,148096.0009184827,52557.4106055301,
ROULETTE,4,29,148096.0009184827,56142.6801159750,
ROULETTE,4,30,148096.0009184827,59070.3072714894,roulette/run_04/best_snakes/generation_030.dna
ROULETTE,4,31,148096.0009184827,57384.1545394313,
ROULETTE,4,32,148096.0009184827,59094.5685010903,
ROULETTE,4,33,148096.0009184827,60258.5366920929,
ROULETTE,4,34,148096.0009184827,60601.9631308237,
ROULETTE,4,35,148096.0009184827,58882.5952904805,roulette/run_04/best_snakes/generation_035.dna
ROULETTE,4,36,148096.0009184827,60520.7899348969,
ROULETTE,4,37,148096.0009184827,62478.0409506770,
ROULETTE,4,38,148096.0009184827,60713.3953486534,
ROULETTE,4,39,148096.0009184827,53923.3941170712,
ROULETTE,4,40,148115.7807480667,64991.1469477006,roulette/run_04/best_snakes/generation_040.dna
ROULETTE,4,41,148115.7807480667,68867.7381228621,
ROULETTE,4,42,165906.8385074649,59344.0670338310,
ROULETTE,4,43,165906.8385074649,57557.9627616814,
ROULETTE,4,44,165906.8385074649,61491.6056919301,
ROULETTE,4,45,165906.8385074649,73983.1700416735,roulette/run_04/best_snakes/generation_045.dna
ROULETTE,4,46,165906.8385074649,68069.7053273447,
ROULETTE,4,47,165906.8385074649,69032.0971944446,
ROULETTE,4,48,165906.8385074649,72833.5820738563,
ROULETTE,4,49,165906.8385074649,69304.9605807464,
ROULETTE,4,50,166935.9379623680,61781.1204853455,roulette/run_04/best_snakes/generation_050.dna
ROULETTE,4,51,166935.9379623680,65520.7272158187,
ROULETTE,4,52,166935.9379623680,74369.1856984352,
ROULETTE,4,53,166935.9379623680,67824.8540969292,
ROULETTE,4,54,166935.9379623680,68328.2071243035,
ROULETTE,4,55,181131.1015991161,63113.5227134264,roulette/run_04/best_snakes/generation_055.dna
ROULETTE,4,56,181131.1015991161,63294.4660000749,
ROULETTE,4,57,185955.9387659763,68928.7020497347,
ROULETTE,4,58,185955.9387659763,72686.1358404012,
ROULETTE,4,59,185955.9387659763,70710.7217431865,
ROULETTE,4,60,185955.9387659763,74329.8556218352,roulette/run_04/best_snakes/generation_060.dna
ROULETTE,4,61,185955.9387659763,73463.8753505842,
ROULETTE,4,62,185955.9387659763,70201.3161024320,
ROULETTE,4,63,185955.9387659763,75312.5511895794,
ROULETTE,4,64,185955.9387659763,70884.9953251721,
ROULETTE,4,65,185955.9387659763,75442.4592113680,roulette/run_04/best_snakes/generation_065.dna
ROULETTE,4,66,185955.9387659763,74393.1267002695,
ROULETTE,4,67,185955.9387659763,76685.2983997437,
ROULETTE,4,68,185955.9387659763,70139.3838673429,
ROULETTE,4,69,185955.9387659763,81241.7566437349,
ROULETTE,4,70,185955.9387659763,70186.9664370579,roulette/run_04/best_snakes/generation_070.dna
ROULETTE,4,71,185955.9387659763,81682.4652039611,
ROULETTE,4,72,185955.9387659763,70513.1969458149,
ROULETTE,4,73,185955.9387659763,73891.4044177722,
ROULETTE,4,74,185955.9387659763,70709.1354008395,
ROULETTE,4,75,185955.9387659763,77319.2478969038,roulette/run_04/best_snakes/generation_075.dna
ROULETTE,4,76,185955.9387659763,83580.8875362633,
ROULETTE,4,77,185955.9387659763,76335.2488821745,
ROULETTE,4,78,185955.9387659763,72510.8680844422,
ROULETTE,4,79,185955.9387659763,74242.1945754101,
ROULETTE,4,80,185955.9387659763,69654.5796589379,roulette/run_04/best_snakes/generation_080.dna
ROULETTE,4,81,201266.4663244146,77446.9481489029,
ROULETTE,4,82,201266.4663244146,75737.7391474432,
ROULETTE,4,83,201266.4663244146,81042.6040701949,
ROULETTE,4,84,201266.4663244146,88170.0710529696,
ROULETTE,4,85,201266.4663244146,67815.6590725815,roulette/run_04/best_snakes/generation_085.dna
ROULETTE,4,86,201266.4663244146,74975.0589496632,
ROULETTE,4,87,201266.4663244146,82964.5594962207,
ROULETTE,4,88,201266.4663244146,77429.7192013260,
ROULETTE,4,89,201266.4663244146,70899.1984502318,
ROULETTE,4,90,201266.4663244146,82954.3170505598,roulette/run_04/best_snakes/generation_090.dna
ROULETTE,4,91,201266.4663244146,88998.6092268402,
ROULETTE,4,92,201266.4663244146,78118.1248579248,
ROULETTE,4,93,201266.4663244146,75298.9371343617,
ROULETTE,4,94,201266.4663244146,83781.5352135861,
ROULETTE,4,95,201266.4663244146,66863.9607169154,roulette/run_04/best_snakes/generation_095.dna
ROULETTE,4,96,201266.4663244146,76133.6114518343,
ROULETTE,4,97,201266.4663244146,85359.6144719292,
ROULETTE,4,98,201266.4663244146,78607.1076483022,
ROULETTE,4,99,201266.4663244146,83023.2772213950,
ROULETTE,4,100,201266.4663244146,81959.8766330551,roulette/run_04/best_snakes/generation_100.dna
ROULETTE,4,101,201266.4663244146,81378.7480309065,
ROULETTE,4,102,210013.5468133397,85165.2397288320,
ROULETTE,4,103,210013.5468133397,78012.1780212226,
ROULETTE,4,104,210013.5468133397,83358.7962249776,
ROULETTE,4,105,210013.5468133397,80187.1307449868,roulette/run_04/best_snakes/generation_105.dna
ROULETTE,4,106,210013.5468133397,79264.3198233598,
ROULETTE,4,107,210013.5468133397,85260.1947932890,
ROULETTE,4,108,210013.5468133397,74758.1910470144,
ROULETTE,4,109,222186.4525059798,84511.3955175868,
ROULETTE,4,110,222186.4525059798,75246.5914737198,roulette/run_04/best_snakes/generation_110.dna
ROULETTE,4,111,222186.4525059798,78340.6499158387,
ROULETTE,4,112,222186.4525059798,83827.8322393969,
ROULETTE,4,113,222186.4525059798,85266.6498566516,
ROULETTE,4,114,222186.4525059798,95100.8930302492,
ROULETTE,4,115,222186.4525059798,71652.0234269204,roulette/run_04/best_snakes/generation_115.dna
ROULETTE,4,116,222186.4525059798,94969.9401221133,
ROULETTE,4,117,222186.4525059798,88391.4375408711,
ROULETTE,4,118,222186.4525059798,94523.4575530462,
ROULETTE,4,119,222186.4525059798,90967.6215606732,
ROULETTE,4,120,222186.4525059798,102313.3244888961,roulette/run_04/best_snakes/generation_120.dna
ROULETTE,4,121,222186.4525059798,100903.0136558860,
ROULETTE,4,122,222186.4525059798,95225.8943890500,
ROULETTE,4,123,222186.4525059798,102204.0973120189,
ROULETTE,4,124,224797.2752557753,112578.1965339908,
ROULETTE,4,125,224797.2752557753,98062.4164423433,roulette/run_04/best_snakes/generation_125.dna
ROULETTE,4,126,224797.2752557753,101240.1965480527,
ROULETTE,4,127,224797.2752557753,101063.4873329152,
ROULETTE,4,128,224797.2752557753,102951.1293732362,
ROULETTE,4,129,224797.2752557753,89704.6045515758,
ROULETTE,4,130,224797.2752557753,84343.5949975870,roulette/run_04/best_snakes/generation_130.dna
ROULETTE,4,131,224797.2752557753,96894.4025359438,
ROULETTE,4,132,224797.2752557753,90680.4205888470,
ROULETTE,4,133,224797.2752557753,105756.0286244650,
ROULETTE,4,134,224797.2752557753,99566.3048266910,
ROULETTE,4,135,234906.5479957074,95287.1060706212,roulette/run_04/best_snakes/generation_135.dna
ROULETTE,4,136,234906.5479957074,96978.1066443149,
ROULETTE,4,137,234906.5479957074,93010.9186559920,
ROULETTE,4,138,234906.5479957074,96901.7022491347,
ROULETTE,4,139,234906.5479957074,95945.7035940206,
ROULETTE,4,140,234906.5479957074,99207.8587030428,roulette/run_04/best_snakes/generation_140.dna
ROULETTE,4,141,234906.5479957074,98167.1310875739,
ROULETTE,4,142,234906.5479957074,88208.2604357603,
ROULETTE,4,143,234906.5479957074,102468.7875890195,
ROULETTE,4,144,234906.5479957074,96213.6400761607,
ROULETTE,4,145,234906.5479957074,97993.3637739719,roulette/run_04/best_snakes/generation_145.dna
ROULETTE,4,146,234906.5479957074,97702.9158290847,
ROULETTE,4,147,234906.5479957074,94646.0604547279,
ROULETTE,4,148,234906.5479957074,95716.7253948605,
ROULETTE,4,149,234906.5479957074,89511.8608341585,
ROULETTE,4,150,234985.7484418978,96115.1140315654,roulette/run_04/best_snakes/generation_150.dna
ROULETTE,4,151,234985.7484418978,91519.9045032202,
ROULETTE,4,152,234985.7484418978,103491.3394703248,
ROULETTE,4,153,234985.7484418978,99744.4192736877,
ROULETTE,4,154,234985.7484418978,97788.9179452936,
ROULETTE,4,155,234985.7484418978,95424.1196732927,roulette/run_04/best_snakes/generation_155.dna
ROULETTE,4,156,234985.7484418978,104660.0041110133,
ROULETTE,4,157,234985.7484418978,92203.5883943300,
ROULETTE,4,158,234985.7484418978,101117.8868067135,
ROULETTE,4,159,234985.7484418978,90406.6833360938,
ROULETTE,4,160,234985.7484418978,94145.4403597353,roulette/run_04/best_snakes/generation_160.dna
ROULETTE,4,161,234985.7484418978,90810.3198457958,
ROULETTE,4,162,234985.7484418978,112651.9785057340,
ROULETTE,4,163,234985.7484418978,102373.1176982344,
ROULETTE,4,164,234985.7484418978,102268.4988202564,
ROULETTE,4,165,234985.7484418978,98579.7578976187,roulette/run_04/best_snakes/generation_165.dna
ROULETTE,4,166,234985.7484418978,93147.8992522023,
ROULETTE,4,167,234985.7484418978,87385.4747462394,
ROULETTE,4,168,234985.7484418978,95450.6057635324,
ROULETTE,4,169,234985.7484418978,93694.5966307518,
ROULETTE,4,170,234985.7484418978,94287.0819102673,roulette/run_04/best_snakes/generation_170.dna
ROULETTE,4,171,234985.7484418978,105573.1446343014,
ROULETTE,4,172,234985.7484418978,99402.3699755938,
ROULETTE,4,173,234985.7484418978,94250.3181340800,
ROULETTE,4,174,234985.7484418978,97570.2996581410,
ROULETTE,4,175,234985.7484418978,93469.2960961099,roulette/run_04/best_snakes/generation_175.dna
ROULETTE,5,0,11493.1618253475,1958.8872492635,roulette/run_05/best_snakes/generation_000.dna
ROULETTE,5,1,11493.1618253475,3070.9533202829,
ROULETTE,5,2,15207.1741570748,3150.9785071520,
ROULETTE,5,3,28985.8945960718,4430.8936032096,
ROULETTE,5,4,54401.3591810626,6492.6591370815,
ROULETTE,5,5,54401.3591810626,9429.7096246078,roulette/run_05/best_snakes/generation_005.dna
ROULETTE,5,6,66823.2099834770,11651.0101405424,
ROULETTE,5,7,81889.1865337626,27288.6852373170,
ROULETTE,5,8,88088.7261700849,30551.6044687182,
ROULETTE,5,9,88088.7261700849,35051.8634295244,
ROULETTE,5,10,95751.0862196412,38049.2350693465,roulette/run_05/best_snakes/generation_010.dna
ROULETTE,5,11,95751.0862196412,39399.8008463315,
ROULETTE,5,12,97773.2397980864,43666.4358887518,
ROULETTE,5,13,98361.8307614361,41342.0585481456,
ROULETTE,5,14,98361.8307614361,46143.3189490836,
ROULETTE,5,15,118970.7924901408,48813.0537848677,roulette/run_05/best_snakes/generation_015.dna
ROULETTE,5,16,118970.7924901408,45562.5624330460,
ROULETTE,5,17,119370.2238348391,41537.1374701200,
ROULETTE,5,18,119370.2238348391,40531.5445641529,
ROULETTE,5,19,119370.2238348391,42676.1920895016,
ROULETTE,5,20,119370.2238348391,40394.9734267803,roulette/run_05/best_snakes/generation_020.dna
ROULETTE,5,21,119370.2238348391,42407.3426781775,
ROULETTE,5,22,122176.2381054464,49510.1879959539,
ROULETTE,5,23,126566.8691588032,47866.9091388988,
ROULETTE,5,24,126566.8691588032,45823.5723193219,
ROULETTE,5,25,126566.8691588032,41284.3020758601,roulette/run_05/best_snakes/generation_025.dna
ROULETTE,5,26,126566.8691588032,46872.2717097571,
ROULETTE,5,27,126566.8691588032,46688.9077419281,
ROULETTE,5,28,126566.8691588032,45935.8009446144,
ROULETTE,5,29,126566.8691588032,45971.7023420804,
ROULETTE,5,30,145079.8872163235,54362.6953339606,roulette/run_05/best_snakes/generation_030.dna
ROULETTE,5,31,145079.8872163235,50604.1238491741,
ROULETTE,5,32,145079.8872163235,48259.9367141205,
ROULETTE,5,33,145079.8872163235,52069.0956688932,
ROULETTE,5,34,145079.8872163235,50824.9800387759,
ROULETTE,5,35,145079.8872163235,49481.3022567256,roulette/run_05/best_snakes/generation_035.dna
ROULETTE,5,36,145079.8872163235,53403.3384863345,
ROULETTE,5,37,145079.8872163235,48947.9449431482,
ROULETTE,5,38,145079.8872163235,49753.7288344352,
ROULETTE,5,39,145079.8872163235,46893.2521420125,
ROULETTE,5,40,145079.8872163235,45806.3821261194,roulette/run_05/best_snakes/generation_040.dna
ROULETTE,5,41,145079.8872163235,44118.8993553222,
ROULETTE,5,42,145079.8872163235,47209.1833235912,
ROULETTE,5,43,145079.8872163235,41976.2014097967,
ROULETTE,5,44,145079.8872163235,49002.5899473061,
ROULETTE,5,45,145079.8872163235,56257.6737347270,roulette/run_05/best_snakes/generation_045.dna
ROULETTE,5,46,145079.8872163235,54041.9219159406,
ROULETTE,5,47,145079.8872163235,47783.1904499001,
ROULETTE,5,48,145079.8872163235,60426.7531961641,
ROULETTE,5,49,145079.8872163235,61048.9660129868,
ROULETTE,5,50,145079.8872163235,54525.0164797691,roulette/run_05/best_snakes/generation_050.dna
ROULETTE,5,51,145079.8872163235,60310.9275651534,
ROULETTE,5,52,145079.8872163235,57946.2769122383,
ROULETTE,5,53,145079.8872163235,53576.2239627262,
ROULETTE,5,54,145079.8872163235,58658.5517834401,
ROULETTE,5,55,145079.8872163235,62964.5524929809,roulette/run_05/best_snakes/generation_055.dna
ROULETTE,5,56,145079.8872163235,59061.9498789427,
ROULETTE,5,57,145079.8872163235,52598.0593424292,
ROULETTE,5,58,145079.8872163235,57287.3453413301,
ROULETTE,5,59,148376.3569292327,63025.4577573674,
ROULETTE,5,60,148376.3569292327,59514.6489339055,roulette/run_05/best_snakes/generation_060.dna
ROULETTE,5,61,148376.3569292327,55528.6156558431,
ROULETTE,5,62,148376.3569292327,59960.1760113630,
ROULETTE,5,63,148376.3569292327,59167.0152891875,
ROULETTE,5,64,148376.3569292327,61954.6662167174,
ROULETTE,5,65,148376.3569292327,59936.5079986941,roulette/run_05/best_snakes/generation_065.dna
ROULETTE,5,66,148376.3569292327,60143.2938857902,
ROULETTE,5,67,160962.9294748827,54742.8352187214,
ROULETTE,5,68,160962.9294748827,58267.6183027260,
ROULETTE,5,69,160962.9294748827,64948.0244535030,
ROULETTE,5,70,160962.9294748827,60504.6647690081,roulette/run_05/best_snakes/generation_070.dna
ROULETTE,5,71,160962.9294748827,53872.8245799409,
ROULETTE,5,72,160962.9294748827,54522.3146058993,
ROULETTE,5,73,160962.9294748827,60146.1220897593,
ROULETTE,5,74,160962.9294748827,60723.1859849517,
ROULETTE,5,75,160962.9294748827,68170.9876521437,roulette/run_05/best_snakes/generation_075.dna
ROULETTE,5,76,160962.9294748827,67737.3424057074,
ROULETTE,5,77,160962.9294748827,65412.0805620620,
ROULETTE,5,78,160962.9294748827,60398.3146352932,
ROULETTE,5,79,160962.9294748827,65558.4364718099,
ROULETTE,5,80,160962.9294748827,54695.7104458628,roulette/run_05/best_snakes/generation_080.dna
ROULETTE,5,81,160962.9294748827,57073.8404103252,
ROULETTE,5,82,160962.9294748827,59101.9475762872,
ROULETTE,5,83,160962.9294748827,62923.8192882284,
ROULETTE,5,84,160962.9294748827,57894.5533424249,
ROULETTE,5,85,160962.9294748827,66294.5081995664,roulette/run_05/best_snakes/generation_085.dna
ROULETTE,5,86,160962.9294748827,64721.0340052944,
ROULETTE,5,87,160962.9294748827,58428.0154868580,
ROULETTE,5,88,160962.9294748827,59896.1550416944,
ROULETTE,5,89,160962.9294748827,53449.9240785467,
ROULETTE,5,90,187554.4845555974,58755.1753033471,roulette/run_05/best_snakes/generation_090.dna
ROULETTE,5,91,187554.4845555974,61932.2695015885,
ROULETTE,5,92,187554.4845555974,58010.1953789839,
ROULETTE,5,93,187554.4845555974,62286.4804706028,
ROULETTE,5,94,187554.4845555974,63042.2431815991,
ROULETTE,5,95,187554.4845555974,61931.3580522848,roulette/run_05/best_snakes/generation_095.dna
ROULETTE,5,96,187554.4845555974,66358.4052173608,
ROULETTE,5,97,187554.4845555974,60671.4486753033,
ROULETTE,5,98,187554.4845555974,61114.1056812536,
ROULETTE,5,99,187554.4845555974,62171.7596228797,
ROULETTE,5,100,187554.4845555974,65390.3014718887,roulette/run_05/best_snakes/generation_100.dna
ROULETTE,5,101,187554.4845555974,61745.8605656046,
ROULETTE,5,102,187554.4845555974,68654.1838694786,
ROULETTE,5,103,187554.4845555974,63832.5202885249,
ROULETTE,5,104,187554.4845555974,68861.9875408394,
ROULETTE,5,105,187554.4845555974,58877.9684671990,roulette/run_05/best_snakes/generation_105.dna
ROULETTE,5,106,187554.4845555974,65748.2062521437,
ROULETTE,5,107,187554.4845555974,62417.8439944774,
ROULETTE,5,108,187554.4845555974,57152.6426557963,
ROULETTE,5,109,187554.4845555974,65719.3832423093,
ROULETTE,5,110,187554.4845555974,69139.6096519157,roulette/run_05/best_snakes/generation_110.dna
ROULETTE,5,111,187554.4845555974,63432.1694151440,
ROULETTE,5,112,187554.4845555974,57310.4212116413,
ROULETTE,5,113,187554.4845555974,58749.0112000867,
ROULETTE,5,114,187554.4845555974,65679.0017887016,
ROULETTE,5,115,187554.4845555974,61907.3127466104,roulette/run_05/best_snakes/generation_115.dna
ROULETTE,5,116,187554.4845555974,61541.6242552693,
ROULETTE,5,117,187554.4845555974,65034.9098005528,
ROULETTE,5,118,187554.4845555974,58278.1828888513,
ROULETTE,5,119,187554.4845555974,67461.9932649227,
ROULETTE,5,120,187554.4845555974,69155.8291878633,roulette/run_05/best_snakes/generation_120.dna
ROULETTE,5,121,187554.4845555974,72050.7546142002,
ROULETTE,5,122,187554.4845555974,65477.5908049311,
ROULETTE,5,123,187554.4845555974,67118.2779593773,
ROULETTE,5,124,187554.4845555974,67777.4352050911,
ROULETTE,5,125,187554.4845555974,71928.5775190852,roulette/run_05/best_snakes/generation_125.dna
ROULETTE,5,126,187554.4845555974,67951.6752222679,
ROULETTE,5,127,187554.4845555974,60999.6489846926,
ROULETTE,5,128,187554.4845555974,60483.8929234545,
ROULETTE,5,129,187554.4845555974,69932.0445540600,
ROULETTE,5,130,187554.4845555974,60175.0531182966,roulette/run_05/best_snakes/generation_130.dna
RANK,1,0,40450.7521106880,3355.0469831528,rank/run_01/best_snakes/generation_000.dna
RANK,1,1,40450.7521106880,4993.9871570760,
RANK,1,2,40450.7521106880,5798.3849680453,
RANK,1,3,50925.1488535897,6970.0490926421,
RANK,1,4,50925.1488535897,11103.8581070355,
RANK,1,5,50925.1488535897,12252.4460906581,rank/run_01/best_snakes/generation_005.dna
RANK,1,6,50925.1488535897,11894.9523691210,
RANK,1,7,50925.1488535897,12609.3487267723,
RANK,1,8,63447.6968756770,15578.2663260906,
RANK,1,9,79435.6341197970,19928.0905477526,
RANK,1,10,79435.6341197970,21243.4318605135,rank/run_01/best_snakes/generation_010.dna
RANK,1,11,79435.6341197970,23169.5255155869,
RANK,1,12,79435.6341197970,24789.0980559710,
RANK,1,13,79435.6341197970,24533.3952567460,
RANK,1,14,79435.6341197970,24359.3720266827,
RANK,1,15,98838.1259822307,28539.5603014935,rank/run_01/best_snakes/generation_015.dna
RANK,1,16,98838.1259822307,26504.5127649444,
RANK,1,17,98838.1259822307,27737.1578635895,
RANK,1,18,98838.1259822307,27806.5160090341,
RANK,1,19,98838.1259822307,25637.3166053037,
RANK,1,20,98838.1259822307,26920.8949723368,rank/run_01/best_snakes/generation_020.dna
RANK,1,21,98838.1259822307,29391.7364892379,
RANK,1,22,108630.5623605666,30067.4907009144,
RANK,1,23,108630.5623605666,35012.9814287581,
RANK,1,24,108630.5623605666,33119.7484477266,
RANK,1,25,108630.5623605666,31252.7254938714,rank/run_01/best_snakes/generation_025.dna
RANK,1,26,108630.5623605666,36040.6287253661,
RANK,1,27,108630.5623605666,35639.4840209875,
RANK,1,28,108630.5623605666,34376.8495972991,
RANK,1,29,108630.5623605666,36973.8933528323,
RANK,1,30,108630.5623605666,41972.9689945164,rank/run_01/best_snakes/generation_030.dna
RANK,1,31,108630.5623605666,39137.6877043873,
RANK,1,32,114517.7576307144,43531.6507156902,
RANK,1,33,114517.7576307144,43932.4106305404,
RANK,1,34,114517.7576307144,43190.0198836741,
RANK,1,35,114517.7576307144,44971.6492226730,rank/run_01/best_snakes/generation_035.dna
RANK,1,36,130876.1497455525,45844.1960097522,
RANK,1,37,130876.1497455525,45327.8925679217,
RANK,1,38,130876.1497455525,44616.6558376107,
RANK,1,39,130876.1497455525,46167.7025169289,
RANK,1,40,130876.1497455525,49738.3748468285,rank/run_01/best_snakes/generation_040.dna
RANK,1,41,130876.1497455525,48964.7874130161,
RANK,1,42,130876.1497455525,48845.4573679476,
RANK,1,43,148083.4098867390,57123.2320832809,
RANK,1,44,196165.3850488118,58174.8403623961,
RANK,1,45,196165.3850488118,52466.4976721274,rank/run_01/best_snakes/generation_045.dna
RANK,1,46,196165.3850488118,64364.0201234249,
RANK,1,47,196165.3850488118,69978.0020837915,
RANK,1,48,196165.3850488118,61240.0948682721,
RANK,1,49,196165.3850488118,59581.1434423490,
RANK,1,50,196165.3850488118,58432.6256959801,rank/run_01/best_snakes/generation_050.dna
RANK,1,51,196165.3850488118,62477.6604522080,
RANK,1,52,196165.3850488118,69085.0880567385,
RANK,1,53,196165.3850488118,69078.3461090132,
RANK,1,54,196165.3850488118,66663.8446397619,
RANK,1,55,196165.3850488118,62086.7255717093,rank/run_01/best_snakes/generation_055.dna
RANK,1,56,196165.3850488118,71900.7622421437,
RANK,1,57,196165.3850488118,65892.8553405511,
RANK,1,58,196165.3850488118,75479.0787935177,
RANK,1,59,196165.3850488118,73844.0000322216,
RANK,1,60,196165.3850488118,72626.2270057812,rank/run_01/best_snakes/generation_060.dna
RANK,1,61,196165.3850488118,79177.0302896184,
RANK,1,62,196165.3850488118,77886.7565053383,
RANK,1,63,196165.3850488118,79900.2216507596,
RANK,1,64,196165.3850488118,72313.5209465736,
RANK,1,65,196165.3850488118,81870.3332208565,rank/run_01/best_snakes/generation_065.dna
RANK,1,66,196165.3850488118,65843.0050281349,
RANK,1,67,196165.3850488118,73217.2575049104,
RANK,1,68,196165.3850488118,74178.2708893043,
RANK,1,69,196165.3850488118,76975.2099213641,
RANK,1,70,196165.3850488118,81695.9031750464,rank/run_01/best_snakes/generation_070.dna
RANK,1,71,196165.3850488118,76241.8395544206,
RANK,1,72,196165.3850488118,71879.1456311938,
RANK,1,73,196165.3850488118,63767.1215169541,
RANK,1,74,196165.3850488118,73191.0418909763,
RANK,1,75,196165.3850488118,75368.7678629639,rank/run_01/best_snakes/generation_075.dna
RANK,1,76,196165.3850488118,80057.1336875283,
RANK,1,77,196165.3850488118,79397.3826563912,
RANK,1,78,196165.3850488118,72304.6839879910,
RANK,1,79,196165.3850488118,77900.4248517184,
RANK,1,80,196165.3850488118,80316.8107149152,rank/run_01/best_snakes/generation_080.dna
RANK,1,81,196165.3850488118,81109.1761361057,
RANK,1,82,196165.3850488118,68258.3640259976,
RANK,1,83,196165.3850488118,84266.2582225132,
RANK,1,84,196165.3850488118,63576.6894032902,
RANK,2,0,18466.8115149220,2451.4503114480,rank/run_02/best_snakes/generation_000.dna
RANK,2,1,31143.7060909779,3506.6881938877,
RANK,2,2,43454.6823424142,5172.1479929400,
RANK,2,3,43454.6823424142,6975.3768078233,
RANK,2,4,44346.7856012043,9661.0499555558,
RANK,2,5,54139.1222417472,13880.7716442572,rank/run_02/best_snakes/generation_005.dna
RANK,2,6,54139.1222417472,13089.4311883518,
RANK,2,7,54139.1222417472,16328.7344050646,
RANK,2,8,54139.1222417472,17653.9016221428,
RANK,2,9,57920.6340275512,18274.2605342805,
RANK,2,10,70011.7437861449,23277.6236152898,rank/run_02/best_snakes/generation_010.dna
RANK,2,11,70011.7437861449,23816.3053961608,
RANK,2,12,70011.7437861449,25408.4290951915,
RANK,2,13,70011.7437861449,24879.0491139498,
RANK,2,14,83575.0939813753,23615.0251957771,
RANK,2,15,83575.0939813753,20545.5152039314,rank/run_02/best_snakes/generation_015.dna
RANK,2,16,83575.0939813753,24340.4550649016,
RANK,2,17,83575.0939813753,22608.5369606209,
RANK,2,18,83575.0939813753,23627.3604292793,
RANK,2,19,83575.0939813753,23749.8689086495,
RANK,2,20,83575.0939813753,25613.2519420646,rank/run_02/best_snakes/generation_020.dna
RANK,2,21,83575.0939813753,23323.0766417961,
RANK,2,22,83575.0939813753,27188.4962564284,
RANK,2,23,83575.0939813753,25290.0989304330,
RANK,2,24,83575.0939813753,26262.1183388249,
RANK,2,25,83575.0939813753,29079.9971453099,rank/run_02/best_snakes/generation_025.dna
RANK,2,26,83575.0939813753,28367.7066349088,
RANK,2,27,83575.0939813753,25099.8671464960,
RANK,2,28,83575.0939813753,27429.9028189235,
RANK,2,29,119555.9309572724,30508.6588925502,
RANK,2,30,119555.9309572724,30622.8904728704,rank/run_02/best_snakes/generation_030.dna
RANK,2,31,119555.9309572724,29072.1158790959,
RANK,2,32,119555.9309572724,36751.7402476500,
RANK,2,33,119555.9309572724,35429.7478876770,
RANK,2,34,119555.9309572724,38162.6980672454,
RANK,2,35,119555.9309572724,41363.4044953884,rank/run_02/best_snakes/generation_035.dna
RANK,2,36,119555.9309572724,42147.0708154052,
RANK,2,37,119555.9309572724,43488.6453380621,
RANK,2,38,119555.9309572724,41578.0675793908,
RANK,2,39,119555.9309572724,41043.4187489410,
RANK,2,40,119555.9309572724,44608.8806186046,rank/run_02/best_snakes/generation_040.dna
RANK,2,41,119555.9309572724,42487.1188479350,
RANK,2,42,119555.9309572724,41342.3878033294,
RANK,2,43,119555.9309572724,45347.2769298147,
RANK,2,44,119555.9309572724,45309.1630973183,
RANK,2,45,119555.9309572724,44250.9859630348,rank/run_02/best_snakes/generation_045.dna
RANK,2,46,119555.9309572724,40860.0856326977,
RANK,2,47,119555.9309572724,48092.1350071286,
RANK,2,48,119555.9309572724,43367.7362504796,
RANK,2,49,119555.9309572724,43709.6232906653,
RANK,2,50,119555.9309572724,43071.1285256629,rank/run_02/best_snakes/generation_050.dna
RANK,2,51,119555.9309572724,40249.0573442953,
RANK,2,52,119555.9309572724,44912.5736479194,
RANK,2,53,119555.9309572724,43850.2711272284,
RANK,2,54,119555.9309572724,45113.7692105889,
RANK,2,55,119555.9309572724,39030.0036255807,rank/run_02/best_snakes/generation_055.dna
RANK,2,56,119555.9309572724,43120.4323606249,
RANK,2,57,119555.9309572724,36630.2370009232,
RANK,2,58,119555.9309572724,37399.1925904041,
RANK,2,59,119555.9309572724,39708.8689494226,
RANK,2,60,119555.9309572724,41923.1915193641,rank/run_02/best_snakes/generation_060.dna
RANK,2,61,119555.9309572724,39685.4117193034,
RANK,2,62,119555.9309572724,42158.6295500846,
RANK,2,63,119555.9309572724,42417.4169176862,
RANK,2,64,119555.9309572724,44452.0687260388,
RANK,2,65,119555.9309572724,46677.7965269094,rank/run_02/best_snakes/generation_065.dna
RANK,2,66,119555.9309572724,41239.4474091814,
RANK,2,67,119555.9309572724,38967.3617948075,
RANK,2,68,119555.9309572724,46515.5535141379,
RANK,2,69,124010.7419132351,46517.1049776470,
RANK,2,70,128665.7514171658,46234.3093344153,rank/run_02/best_snakes/generation_070.dna
RANK,2,71,128665.7514171658,51127.8663454902,
RANK,2,72,128665.7514171658,45052.9327268797,
RANK,2,73,128665.7514171658,45504.9255386936,
RANK,2,74,128665.7514171658,50654.4867719466,
RANK,2,75,128665.7514171658,51214.6418541268,rank/run_02/best_snakes/generation_075.dna
RANK,2,76,128665.7514171658,55659.1783746417,
RANK,2,77,128665.7514171658,54153.5309194740,
RANK,2,78,128665.7514171658,56251.9191631929,
RANK,2,79,128665.7514171658,49624.6219308607,
RANK,2,80,128665.7514171658,47802.4838122672,rank/run_02/best_snakes/generation_080.dna
RANK,2,81,128665.7514171658,52306.0298871611,
RANK,2,82,128665.7514171658,54080.4291012859,
RANK,2,83,128665.7514171658,48675.5363745325,
RANK,2,84,136052.5234701531,56136.7919899557,
RANK,2,85,136052.5234701531,53785.8739616726,rank/run_02/best_snakes/generation_085.dna
RANK,2,86,136052.5234701531,50459.4257941708,
RANK,2,87,161015.4895476544,59192.1714979819,
RANK,2,88,161015.4895476544,53514.7766647890,
RANK,2,89,161015.4895476544,58765.1199626705,
RANK,2,90,161015.4895476544,62241.5131305054,rank/run_02/best_snakes/generation_090.dna
RANK,2,91,161015.4895476544,57237.1223180608,
RANK,2,92,161015.4895476544,57660.4098750119,
RANK,2,93,161015.4895476544,59305.5472216040,
RANK,2,94,161015.4895476544,59846.8546563221,
RANK,2,95,161015.4895476544,64756.6397566027,rank/run_02/best_snakes/generation_095.dna
RANK,2,96,167023.2754023371,61611.1195027031,
RANK,2,97,167023.2754023371,61434.0471608716,
RANK,2,98,167023.2754023371,64585.1333861475,
RANK,2,99,167023.2754023371,54783.2059747428,
RANK,2,100,167023.2754023371,64128.3853273402,rank/run_02/best_snakes/generation_100.dna
RANK,2,101,167023.2754023371,66204.8764257399,
RANK,2,102,167023.2754023371,65768.7371342609,
RANK,2,103,167023.2754023371,71395.0600005880,
RANK,2,104,167023.2754023371,66799.3334844235,
RANK,2,105,167023.2754023371,70831.7429655512,rank/run_02/best_snakes/generation_105.dna
RANK,2,106,167023.2754023371,79272.0115549013,
RANK,2,107,174687.3005766246,81948.5809810897,
RANK,2,108,174687.3005766246,71099.6901119980,
RANK,2,109,181973.8649327134,73894.9175642032,
RANK,2,110,181973.8649327134,75737.6910139695,rank/run_02/best_snakes/generation_110.dna
RANK,2,111,181973.8649327134,81725.4392939570,
RANK,2,112,181973.8649327134,79264.3744106520,
RANK,2,113,181973.8649327134,83522.1676668825,
RANK,2,114,195930.5961015305,86905.3476973869,
RANK,2,115,195930.5961015305,83245.6507447867,rank/run_02/best_snakes/generation_115.dna
RANK,2,116,195930.5961015305,81518.8470715475,
RANK,2,117,224793.5048119041,88284.4436184890,
RANK,2,118,224793.5048119041,82624.3919775610,
RANK,2,119,224793.5048119041,89724.2338697863,
RANK,2,120,224793.5048119041,83398.4608220676,rank/run_02/best_snakes/generation_120.dna
RANK,2,121,224793.5048119041,79334.9578943003,
RANK,2,122,224793.5048119041,88355.4522306691,
RANK,2,123,224793.5048119041,97670.1107924687,
RANK,2,124,224793.5048119041,91534.6126286185,
RANK,2,125,224793.5048119041,92684.1038750555,rank/run_02/best_snakes/generation_125.dna
RANK,2,126,224793.5048119041,100088.3855607154,
RANK,2,127,224793.5048119041,94333.6431163034,
RANK,2,128,224793.5048119041,96794.9883820901,
RANK,2,129,224793.5048119041,86585.4464206675,
RANK,2,130,224793.5048119041,82907.2384048882,rank/run_02/best_snakes/generation_130.dna
RANK,2,131,224793.5048119041,83941.9142112752,
RANK,2,132,224793.5048119041,84694.3993711318,
RANK,2,133,224793.5048119041,88834.1566962633,
RANK,2,134,224793.5048119041,78922.6750969746,
RANK,2,135,224793.5048119041,89194.5140089680,rank/run_02/best_snakes/generation_135.dna
RANK,2,136,224793.5048119041,84337.5712658944,
RANK,2,137,224793.5048119041,95057.4955404008,
RANK,2,138,224793.5048119041,75220.1163872016,
RANK,2,139,224793.5048119041,85221.2241016548,
RANK,2,140,224793.5048119041,78431.3351804508,rank/run_02/best_snakes/generation_140.dna
RANK,2,141,224793.5048119041,89777.7951448367,
RANK,2,142,224793.5048119041,93718.1759426227,
RANK,2,143,224793.5048119041,89517.4481656222,
RANK,2,144,224793.5048119041,90303.3300942008,
RANK,2,145,224793.5048119041,83404.5341375191,rank/run_02/best_snakes/generation_145.dna
RANK,2,146,224793.5048119041,94147.0071227783,
RANK,2,147,224793.5048119041,90961.7003593897,
RANK,2,148,224793.5048119041,93079.0914953080,
RANK,2,149,224793.5048119041,82661.3836444928,
RANK,2,150,224793.5048119041,77911.0751199289,rank/run_02/best_snakes/generation_150.dna
RANK,2,151,224793.5048119041,85437.3239175237,
RANK,2,152,224793.5048119041,82413.0951561240,
RANK,2,153,224793.5048119041,97135.8853900714,
RANK,2,154,224793.5048119041,93211.6283959017,
RANK,2,155,224793.5048119041,92000.1294867948,rank/run_02/best_snakes/generation_155.dna
RANK,2,156,224793.5048119041,94179.6410768719,
RANK,2,157,224793.5048119041,97856.2565228729,
RANK,3,0,20916.0475185729,2441.2506746522,rank/run_03/best_snakes/generation_000.dna
RANK,3,1,27599.6717463403,5573.8159715634,
RANK,3,2,27599.6717463403,5324.8821418206,
RANK,3,3,33563.9517375685,7857.6137163796,
RANK,3,4,46781.4742943849,9786.1233972910,
RANK,3,5,46781.4742943849,11069.4929623460,rank/run_03/best_snakes/generation_005.dna
RANK,3,6,46781.4742943849,12893.8302207002,
RANK,3,7,54391.6189288277,15414.6710163665,
RANK,3,8,54391.6189288277,17489.4047075003,
RANK,3,9,58025.5302738659,21457.8470826944,
RANK,3,10,70439.6921104234,23061.1285965328,rank/run_03/best_snakes/generation_010.dna
RANK,3,11,75836.1587175596,27120.9966439721,
RANK,3,12,84413.5766080762,31664.0795597220,
RANK,3,13,92663.6510813911,37720.3096859524,
RANK,3,14,97822.0187480089,37310.5982340134,
RANK,3,15,104025.5614092888,35702.3293451460,rank/run_03/best_snakes/generation_015.dna
RANK,3,16,104025.5614092888,37641.0384290714,
RANK,3,17,112879.8389170683,41685.6222478136,
RANK,3,18,113172.7158305628,42062.9145522693,
RANK,3,19,125361.3290530193,44971.6833165517,
RANK,3,20,136182.9953452616,49215.7577584715,rank/run_03/best_snakes/generation_020.dna
RANK,3,21,136182.9953452616,49614.3204926400,
RANK,3,22,136182.9953452616,49658.6171230168,
RANK,3,23,136182.9953452616,46844.9849013453,
RANK,3,24,136182.9953452616,53535.8555169560,
RANK,3,25,202227.9719690742,54605.2025745909,rank/run_03/best_snakes/generation_025.dna
RANK,3,26,202227.9719690742,52633.2881598526,
RANK,3,27,202227.9719690742,57842.9756463228,
RANK,3,28,202227.9719690742,55678.2142478672,
RANK,3,29,202227.9719690742,59535.1559706552,
RANK,3,30,202227.9719690742,62458.2319349934,rank/run_03/best_snakes/generation_030.dna
RANK,3,31,202227.9719690742,62674.0477905880,
RANK,3,32,202227.9719690742,67237.4624574023,
RANK,3,33,202227.9719690742,68951.7416976721,
RANK,3,34,202227.9719690742,62363.6225765946,
RANK,3,35,202227.9719690742,68842.5561876655,rank/run_03/best_snakes/generation_035.dna
RANK,3,36,202227.9719690742,68730.6605760893,
RANK,3,37,202227.9719690742,70549.0387998055,
RANK,3,38,202227.9719690742,73169.7680062615,
RANK,3,39,202227.9719690742,71353.9292308833,
RANK,3,40,202227.9719690742,79023.9651630584,rank/run_03/best_snakes/generation_040.dna
RANK,3,41,202227.9719690742,81638.9257013196,
RANK,3,42,202227.9719690742,74389.4094864776,
RANK,3,43,202227.9719690742,69730.8890041645,
RANK,3,44,202227.9719690742,73483.2141047692,
RANK,3,45,202227.9719690742,77143.7601576270,rank/run_03/best_snakes/generation_045.dna
RANK,3,46,202227.9719690742,79108.0420064605,
RANK,3,47,202227.9719690742,83999.8977811366,
RANK,3,48,202227.9719690742,83804.1268011472,
RANK,3,49,202227.9719690742,80993.2960572438,
RANK,3,50,202227.9719690742,80072.5296278394,rank/run_03/best_snakes/generation_050.dna
RANK,3,51,202227.9719690742,73012.0483195462,
RANK,3,52,202227.9719690742,80920.0079102826,
RANK,3,53,202227.9719690742,75471.4805560783,
RANK,3,54,202227.9719690742,77294.4777116669,
RANK,3,55,202227.9719690742,78600.7046501526,rank/run_03/best_snakes/generation_055.dna
RANK,3,56,202227.9719690742,85107.5329653925,
RANK,3,57,202227.9719690742,90302.5242734301,
RANK,3,58,202227.9719690742,85869.2348306868,
RANK,3,59,202227.9719690742,86853.0527593801,
RANK,3,60,202227.9719690742,86049.3323730632,rank/run_03/best_snakes/generation_060.dna
RANK,3,61,202227.9719690742,96171.7176277054,
RANK,3,62,202227.9719690742,88742.5122796458,
RANK,3,63,202227.9719690742,85270.0961143018,
RANK,3,64,202227.9719690742,93047.0757751690,
RANK,3,65,202227.9719690742,89260.6914081632,rank/run_03/best_snakes/generation_065.dna
RANK,4,0,7393.6317989464,1531.6032436002,rank/run_04/best_snakes/generation_000.dna
RANK,4,1,33340.3437311778,3749.6701538660,
RANK,4,2,33340.3437311778,4585.1099243500,
RANK,4,3,33340.3437311778,6087.1603296914,
RANK,4,4,33340.3437311778,6818.2998412546,
RANK,4,5,33340.3437311778,7337.1709557506,rank/run_04/best_snakes/generation_005.dna
RANK,4,6,33340.3437311778,7110.3725700766,
RANK,4,7,40720.2422275870,8320.3769290658,
RANK,4,8,57148.1309652600,9109.4155431734,
RANK,4,9,57148.1309652600,9984.2991613855,
RANK,4,10,57148.1309652600,7408.2860847226,rank/run_04/best_snakes/generation_010.dna
RANK,4,11,57148.1309652600,8879.2773763997,
RANK,4,12,57148.1309652600,8181.1051869703,
RANK,4,13,57148.1309652600,10497.0375441319,
RANK,4,14,57148.1309652600,8855.8834834838,
RANK,4,15,57148.1309652600,8592.4059067433,rank/run_04/best_snakes/generation_015.dna
RANK,4,16,57148.1309652600,8110.9626397263,
RANK,4,17,57148.1309652600,8139.4321518783,
RANK,4,18,57148.1309652600,9786.2972741761,
RANK,4,19,57148.1309652600,9498.2609403380,
RANK,4,20,57148.1309652600,11076.1377863950,rank/run_04/best_snakes/generation_020.dna
RANK,4,21,57148.1309652600,11064.6026083586,
RANK,4,22,57148.1309652600,11558.2770710731,
RANK,4,23,57148.1309652600,13319.1577692285,
RANK,4,24,57903.0009071811,14445.0172371138,
RANK,4,25,57903.0009071811,16367.6716103523,rank/run_04/best_snakes/generation_025.dna
RANK,4,26,57903.0009071811,12234.1680745405,
RANK,4,27,57903.0009071811,12687.8098408675,
RANK,4,28,57903.0009071811,12854.3740770448,
RANK,4,29,57903.0009071811,13565.4421084017,
RANK,4,30,88179.3583549280,16898.9626150031,rank/run_04/best_snakes/generation_030.dna
RANK,4,31,88179.3583549280,17220.3953727698,
RANK,4,32,88179.3583549280,18678.4098908246,
RANK,4,33,88179.3583549280,22982.6772250777,
RANK,4,34,88179.3583549280,22249.8383784062,
RANK,4,35,95731.6753238738,25299.4705852788,rank/run_04/best_snakes/generation_035.dna
RANK,4,36,95731.6753238738,26903.4403367581,
RANK,4,37,95731.6753238738,27981.8184950916,
RANK,4,38,95731.6753238738,33746.0879475368,
RANK,4,39,99371.8305465114,33047.0179466239,
RANK,4,40,103256.2341146634,36500.2815677283,rank/run_04/best_snakes/generation_040.dna
RANK,4,41,103256.2341146634,40120.8270019660,
RANK,4,42,103256.2341146634,42118.4604324082,
RANK,4,43,103256.2341146634,41784.4544516315,
RANK,4,44,103256.2341146634,43226.9504371399,
RANK,4,45,103256.2341146634,46098.5925440767,rank/run_04/best_snakes/generation_045.dna
RANK,4,46,122189.3460961849,48474.3751204058,
RANK,4,47,122189.3460961849,43142.3719632945,
RANK,4,48,122189.3460961849,44642.1260205712,
RANK,4,49,122189.3460961849,44387.2165993934,
RANK,4,50,122189.3460961849,45136.0460416805,rank/run_04/best_snakes/generation_050.dna
RANK,4,51,122189.3460961849,45850.2176919428,
RANK,4,52,122189.3460961849,47485.0412173704,
RANK,4,53,122189.3460961849,44948.9934543579,
RANK,4,54,122189.3460961849,45097.9270340816,
RANK,4,55,122189.3460961849,46994.9628669109,rank/run_04/best_snakes/generation_055.dna
RANK,4,56,122189.3460961849,44476.7892710049,
RANK,4,57,122189.3460961849,42894.3412615986,
RANK,4,58,148006.5905920469,44260.0165056157,
RANK,4,59,148006.5905920469,45689.9510260076,
RANK,4,60,148006.5905920469,45680.4200172940,rank/run_04/best_snakes/generation_060.dna
RANK,4,61,148006.5905920469,37550.3245051826,
RANK,4,62,148006.5905920469,41247.9209880902,
RANK,4,63,148006.5905920469,37092.9871173332,
RANK,4,64,148006.5905920469,42673.8213559516,
RANK,4,65,148006.5905920469,45734.0968692479,rank/run_04/best_snakes/generation_065.dna
RANK,4,66,148006.5905920469,39868.6719873886,
RANK,4,67,148006.5905920469,47079.5570146150,
RANK,4,68,148006.5905920469,46543.5477729510,
RANK,4,69,148006.5905920469,45715.7026287705,
RANK,4,70,148006.5905920469,46130.1103074283,rank/run_04/best_snakes/generation_070.dna
RANK,4,71,148006.5905920469,47950.6824368185,
RANK,4,72,148006.5905920469,43291.0933310184,
RANK,4,73,148006.5905920469,37130.7982300167,
RANK,4,74,148006.5905920469,44982.5736422452,
RANK,4,75,148006.5905920469,44634.3256494701,rank/run_04/best_snakes/generation_075.dna
RANK,4,76,148006.5905920469,44561.2479831912,
RANK,4,77,148006.5905920469,46649.7656672300,
RANK,4,78,148006.5905920469,44136.2327578584,
RANK,4,79,148006.5905920469,42861.3044793446,
RANK,4,80,148006.5905920469,41135.7484292442,rank/run_04/best_snakes/generation_080.dna
RANK,4,81,148006.5905920469,42882.5506611826,
RANK,4,82,148006.5905920469,44090.7796192627,
RANK,4,83,148006.5905920469,45683.4027808491,
RANK,4,84,148006.5905920469,44928.5431633082,
RANK,4,85,148006.5905920469,41239.3788916894,rank/run_04/best_snakes/generation_085.dna
RANK,4,86,148006.5905920469,42077.0730983664,
RANK,4,87,148006.5905920469,41895.9728105664,
RANK,4,88,148006.5905920469,37009.0406656302,
RANK,4,89,148006.5905920469,44422.5596698066,
RANK,4,90,148006.5905920469,45048.0930207467,rank/run_04/best_snakes/generation_090.dna
RANK,4,91,148006.5905920469,40996.6644592728,
RANK,4,92,148006.5905920469,45334.6866194822,
RANK,4,93,148006.5905920469,42011.5977241779,
RANK,4,94,148006.5905920469,44478.5326628926,
RANK,4,95,148006.5905920469,45116.6470351949,rank/run_04/best_snakes/generation_095.dna
RANK,4,96,148006.5905920469,45515.0218719636,
RANK,4,97,148006.5905920469,44064.4648632501,
RANK,4,98,148006.5905920469,44919.1512606734,
RANK,5,0,11493.1618253475,1958.8872492635,rank/run_05/best_snakes/generation_000.dna
RANK,5,1,22676.4046695137,2931.7032909622,
RANK,5,2,31733.6813775380,4004.7227509718,
RANK,5,3,31733.6813775380,6343.8408666566,
RANK,5,4,31733.6813775380,6913.7257430116,
RANK,5,5,31733.6813775380,7454.1950501546,rank/run_05/best_snakes/generation_005.dna
RANK,5,6,31733.6813775380,6019.7222950730,
RANK,5,7,54795.7920234341,9086.0537671400,
RANK,5,8,62359.0041977259,11082.3336586521,
RANK,5,9,109440.8784346863,11963.2353446374,
RANK,5,10,109440.8784346863,13740.4423041372,rank/run_05/best_snakes/generation_010.dna
RANK,5,11,109440.8784346863,16582.0132584053,
RANK,5,12,109440.8784346863,17345.1922433745,
RANK,5,13,109440.8784346863,16971.9013480428,
RANK,5,14,109440.8784346863,16264.5817364778,
RANK,5,15,109440.8784346863,19012.6224693283,rank/run_05/best_snakes/generation_015.dna
RANK,5,16,109440.8784346863,18417.5996213697,
RANK,5,17,109440.8784346863,21378.3476500131,
RANK,5,18,109440.8784346863,20639.3544043694,
RANK,5,19,109440.8784346863,25073.9747887784,
RANK,5,20,109440.8784346863,27419.1056912750,rank/run_05/best_snakes/generation_020.dna
RANK,5,21,109440.8784346863,27512.2161729049,
RANK,5,22,109440.8784346863,34005.2591867503,
RANK,5,23,109440.8784346863,32973.2797091378,
RANK,5,24,109440.8784346863,37233.1126770705,
RANK,5,25,109440.8784346863,37632.1406560014,rank/run_05/best_snakes/generation_025.dna
RANK,5,26,109440.8784346863,37607.2435102213,
RANK,5,27,109440.8784346863,44320.5458604473,
RANK,5,28,109440.8784346863,43305.9801961035,
RANK,5,29,109440.8784346863,37877.4090096869,
RANK,5,30,109768.3581895068,40673.5739617059,rank/run_05/best_snakes/generation_030.dna
RANK,5,31,109768.3581895068,39000.0615534601,
RANK,5,32,109768.3581895068,38175.7240678584,
RANK,5,33,109768.3581895068,39781.1719330328,
RANK,5,34,109768.3581895068,38874.8533876205,
RANK,5,35,109768.3581895068,45801.0829492450,rank/run_05/best_snakes/generation_035.dna
RANK,5,36,142072.7375516893,44920.6508571027,
RANK,5,37,142072.7375516893,45886.9270708527,
RANK,5,38,142072.7375516893,37433.9425404911,
RANK,5,39,142072.7375516893,43443.3912158801,
RANK,5,40,142072.7375516893,49629.4409264967,rank/run_05/best_snakes/generation_040.dna
RANK,5,41,142072.7375516893,47090.5826455156,
RANK,5,42,142072.7375516893,45610.0269095908,
RANK,5,43,142072.7375516893,41307.4550250813,
RANK,5,44,142072.7375516893,46542.6125416727,
RANK,5,45,142072.7375516893,42963.5771500919,rank/run_05/best_snakes/generation_045.dna
RANK,5,46,142072.7375516893,46799.2713563319,
RANK,5,47,142072.7375516893,42368.5387849422,
RANK,5,48,142072.7375516893,43064.2971064025,
RANK,5,49,142072.7375516893,51722.5737396934,
RANK,5,50,142072.7375516893,48780.2447242453,rank/run_05/best_snakes/generation_050.dna
RANK,5,51,142072.7375516893,48325.7710933591,
RANK,5,52,142072.7375516893,49701.1114443807,
RANK,5,53,142072.7375516893,47740.6175359489,
RANK,5,54,142072.7375516893,47308.1203113508,
RANK,5,55,142072.7375516893,43703.2196143391,rank/run_05/best_snakes/generation_055.dna
RANK,5,56,143558.4865148710,48145.2268463807,
RANK,5,57,143558.4865148710,52123.8312658454,
RANK,5,58,143558.4865148710,47916.3154931039,
RANK,5,59,143558.4865148710,55012.8899020541,
RANK,5,60,143558.4865148710,58154.5325042842,rank/run_05/best_snakes/generation_060.dna
RANK,5,61,143558.4865148710,46283.1017034126,
RANK,5,62,143558.4865148710,47809.6155869410,
RANK,5,63,143558.4865148710,41871.9808997189,
RANK,5,64,143558.4865148710,48185.2353149590,
RANK,5,65,143558.4865148710,50215.4938511001,rank/run_05/best_snakes/generation_065.dna
RANK,5,66,143558.4865148710,52332.5591516435,
RANK,5,67,143558.4865148710,56800.8997031913,
RANK,5,68,143558.4865148710,54545.7656571996,
RANK,5,69,164656.5104318170,51168.2248893350,
RANK,5,70,164656.5104318170,56225.1042059344,rank/run_05/best_snakes/generation_070.dna
RANK,5,71,173656.1306932814,57130.0752661160,
RANK,5,72,173656.1306932814,58925.2517754188,
RANK,5,73,173656.1306932814,60248.7674891771,
RANK,5,74,173656.1306932814,70804.5198939383,
RANK,5,75,223803.0485978421,65569.1597551484,rank/run_05/best_snakes/generation_075.dna
RANK,5,76,223803.0485978421,75142.5902315735,
RANK,5,77,223803.0485978421,72723.3219493129,
RANK,5,78,223803.0485978421,69648.8197188871,
RANK,5,79,223803.0485978421,73505.8916390122,
RANK,5,80,223803.0485978421,68173.4141795011,rank/run_05/best_snakes/generation_080.dna
RANK,5,81,223803.0485978421,64673.0202427251,
RANK,5,82,223803.0485978421,67029.0436510620,
RANK,5,83,223803.0485978421,70015.7949467280,
RANK,5,84,223803.0485978421,74305.6920543994,
RANK,5,85,223803.0485978421,72378.1246107693,rank/run_05/best_snakes/generation_085.dna
RANK,5,86,223803.0485978421,68658.9788374004,
RANK,5,87,223803.0485978421,65752.0101077198,
RANK,5,88,223803.0485978421,65014.0319341614,
RANK,5,89,223803.0485978421,71580.7590619645,
RANK,5,90,223803.0485978421,75334.7749927282,rank/run_05/best_snakes/generation_090.dna
RANK,5,91,223803.0485978421,71428.5795196120,
RANK,5,92,223803.0485978421,73337.3923339417,
RANK,5,93,223803.0485978421,75150.7553036416,
RANK,5,94,223803.0485978421,65806.6120203765,
RANK,5,95,223803.0485978421,71120.4913588256,rank/run_05/best_snakes/generation_095.dna
RANK,5,96,223803.0485978421,73134.7647052315,
RANK,5,97,223803.0485978421,65400.1798345289,
RANK,5,98,223803.0485978421,74633.2791960023,
RANK,5,99,223803.0485978421,69704.5898537083,
RANK,5,100,223803.0485978421,67131.4224001247,rank/run_05/best_snakes/generation_100.dna
RANK,5,101,223803.0485978421,72072.7273652237,
RANK,5,102,223803.0485978421,79547.8897236521,
RANK,5,103,223803.0485978421,66220.9024033821,
RANK,5,104,223803.0485978421,66690.2141857798,
RANK,5,105,223803.0485978421,71975.3000288620,rank/run_05/best_snakes/generation_105.dna
RANK,5,106,223803.0485978421,64101.0795065464,
RANK,5,107,223803.0485978421,74905.9564634849,
RANK,5,108,223803.0485978421,70045.1800241969,
RANK,5,109,223803.0485978421,70893.9032748710,
RANK,5,110,223803.0485978421,69514.0795097635,rank/run_05/best_snakes/generation_110.dna
RANK,5,111,223803.0485978421,72327.9912488995,
RANK,5,112,223803.0485978421,77489.3813023090,
RANK,5,113,223803.0485978421,83282.8216695326,
RANK,5,114,223803.0485978421,73292.9370077569,
RANK,5,115,223803.0485978421,71687.8015720685,rank/run_05/best_snakes/generation_115.dna
SUS,1,0,40450.7521106880,3355.0469831528,sus/run_01/best_snakes/generation_000.dna
SUS,1,1,45613.8653549399,7645.6515168733,
SUS,1,2,56584.6468671768,13286.4405807517,
SUS,1,3,56605.3080110574,13970.8386267516,
SUS,1,4,56605.3080110574,17885.9453897736,
SUS,1,5,56605.3080110574,16393.2158653324,sus/run_01/best_snakes/generation_005.dna
SUS,1,6,56605.3080110574,16633.4549427629,
SUS,1,7,56605.3080110574,18947.1278669147,
SUS,1,8,60204.1835527312,20051.8257788337,
SUS,1,9,93852.4641777805,26883.4242375798,
SUS,1,10,93852.4641777805,25022.1865486232,sus/run_01/best_snakes/generation_010.dna
SUS,1,11,93852.4641777805,23745.3330691795,
SUS,1,12,93852.4641777805,25457.9433056959,
SUS,1,13,93852.4641777805,27700.6173139273,
SUS,1,14,93852.4641777805,33646.0328268192,
SUS,1,15,98358.1446330570,30957.3640463766,sus/run_01/best_snakes/generation_015.dna
SUS,1,16,98358.1446330570,30767.8369495113,
SUS,1,17,98358.1446330570,35287.3394541577,
SUS,1,18,98358.1446330570,35362.4440733259,
SUS,1,19,98441.6244075274,41668.0701035187,
SUS,1,20,108632.5669731252,43440.1234595061,sus/run_01/best_snakes/generation_020.dna
SUS,1,21,109103.6638391535,46148.7250097081,
SUS,1,22,120411.0150911727,45551.8644885146,
SUS,1,23,120411.0150911727,41550.6793510173,
SUS,1,24,120411.0150911727,43876.2812499599,
SUS,1,25,120411.0150911727,51065.4235680980,sus/run_01/best_snakes/generation_025.dna
SUS,1,26,120411.0150911727,51896.4463193364,
SUS,1,27,125487.6890813954,45017.5375914925,
SUS,1,28,142061.1855050632,52441.9060525428,
SUS,1,29,142061.1855050632,53050.6545226540,
SUS,1,30,142061.1855050632,54116.9164405539,sus/run_01/best_snakes/generation_030.dna
SUS,1,31,164713.7308401148,59729.9443673358,
SUS,1,32,164713.7308401148,65492.5960771724,
SUS,1,33,164713.7308401148,65905.7745151262,
SUS,1,34,164713.7308401148,70700.4165602755,
SUS,1,35,164713.7308401148,66897.4342795791,sus/run_01/best_snakes/generation_035.dna
SUS,1,36,164713.7308401148,69086.8327928024,
SUS,1,37,164713.7308401148,69207.2195236232,
SUS,1,38,164713.7308401148,71558.2070518145,
SUS,1,39,164713.7308401148,61629.5769270047,
SUS,1,40,175975.6946721179,63513.6424428657,sus/run_01/best_snakes/generation_040.dna
SUS,1,41,175975.6946721179,66894.4902437989,
SUS,1,42,197223.0902157342,69070.6616081156,
SUS,1,43,197223.0902157342,75843.2610136420,
SUS,1,44,197223.0902157342,88236.9567211465,
SUS,1,45,197779.2528760030,88180.1730137188,sus/run_01/best_snakes/generation_045.dna
SUS,1,46,197779.2528760030,86559.3012905843,
SUS,1,47,197779.2528760030,90828.2853301866,
SUS,1,48,197779.2528760030,87668.6856331532,
SUS,1,49,201730.8554965347,93527.8198785850,
SUS,1,50,201730.8554965347,96581.7061451100,sus/run_01/best_snakes/generation_050.dna
SUS,1,51,201730.8554965347,104093.4976354733,
SUS,1,52,201730.8554965347,97330.9571083272,
SUS,1,53,201730.8554965347,90130.3339372069,
SUS,1,54,201730.8554965347,93084.3949500813,
SUS,1,55,201730.8554965347,98042.1932096579,sus/run_01/best_snakes/generation_055.dna
SUS,1,56,213561.7583720321,94197.5159808020,
SUS,1,57,213561.7583720321,91973.4152573115,
SUS,1,58,213561.7583720321,98930.2441029450,
SUS,1,59,213561.7583720321,96763.1514549692,
SUS,1,60,213561.7583720321,94086.6421020550,sus/run_01/best_snakes/generation_060.dna
SUS,1,61,213561.7583720321,91241.4829363980,
SUS,1,62,213561.7583720321,97842.6682732028,
SUS,1,63,213561.7583720321,95588.5223563261,
SUS,1,64,213561.7583720321,101314.0604022657,
SUS,1,65,213561.7583720321,100788.0251976290,sus/run_01/best_snakes/generation_065.dna
SUS,1,66,213561.7583720321,97024.3036838072,
SUS,1,67,213561.7583720321,97769.4152474536,
SUS,1,68,213561.7583720321,103944.0163096495,
SUS,1,69,222532.2604158239,107078.8097602206,
SUS,1,70,222532.2604158239,103943.2041060164,sus/run_01/best_snakes/generation_070.dna
SUS,1,71,222532.2604158239,113239.3350160564,
SUS,1,72,222532.2604158239,108832.4964438037,
SUS,1,73,222532.2604158239,95790.3141787338,
SUS,1,74,222532.2604158239,97705.1417414857,
SUS,1,75,222532.2604158239,99088.5370436441,sus/run_01/best_snakes/generation_075.dna
SUS,1,76,222532.2604158239,106643.3023999180,
SUS,1,77,222532.2604158239,105504.0707765789,
SUS,1,78,222532.2604158239,96085.6742919120,
SUS,1,79,223496.8087200112,112880.6418280413,
SUS,1,80,223496.8087200112,103055.6166248702,sus/run_01/best_snakes/generation_080.dna
SUS,1,81,223496.8087200112,102299.0942239068,
SUS,1,82,226271.9561095934,110297.4869767991,
SUS,1,83,226271.9561095934,110206.0332903338,
SUS,1,84,226271.9561095934,100708.7835193430,
SUS,1,85,232273.6598380805,104742.7868887271,sus/run_01/best_snakes/generation_085.dna
SUS,1,86,232273.6598380805,100820.3812396575,
SUS,1,87,232273.6598380805,93236.3913297154,
SUS,1,88,232273.6598380805,96669.3769083389,
SUS,1,89,232273.6598380805,93051.6141921377,
SUS,1,90,275810.5528892709,100200.6491670233,sus/run_01/best_snakes/generation_090.dna
SUS,1,91,275810.5528892709,97097.9337152271,
SUS,1,92,275810.5528892709,92185.3246342446,
SUS,1,93,275810.5528892709,99228.7531740577,
SUS,1,94,275810.5528892709,100047.9480725621,
SUS,1,95,275810.5528892709,98750.9503035729,sus/run_01/best_snakes/generation_095.dna
SUS,1,96,275810.5528892709,100912.0362002685,
SUS,1,97,275810.5528892709,99550.0680368669,
SUS,1,98,275810.5528892709,88759.5469741255,
SUS,1,99,275810.5528892709,97603.5603402327,
SUS,1,100,275810.5528892709,93146.2154479884,sus/run_01/best_snakes/generation_100.dna
SUS,1,101,275810.5528892709,105858.9699096916,
SUS,1,102,275810.5528892709,103475.6540017230,
SUS,1,103,275810.5528892709,99469.6790916975,
SUS,1,104,275810.5528892709,111249.4979608468,
SUS,1,105,275810.5528892709,99348.4649990041,sus/run_01/best_snakes/generation_105.dna
SUS,1,106,275810.5528892709,102582.2462243665,
SUS,1,107,275810.5528892709,94483.3965883382,
SUS,1,108,275810.5528892709,103480.0221492214,
SUS,1,109,275810.5528892709,105378.2004592728,
SUS,1,110,275810.5528892709,95274.2763059984,sus/run_01/best_snakes/generation_110.dna
SUS,1,111,275810.5528892709,86566.7547716109,
SUS,1,112,275810.5528892709,95516.1953510786,
SUS,1,113,275810.5528892709,91586.1608217732,
SUS,1,114,275810.5528892709,100640.1957745096,
SUS,1,115,275810.5528892709,107839.9980495952,sus/run_01/best_snakes/generation_115.dna
SUS,1,116,275810.5528892709,96250.7287897687,
SUS,1,117,275810.5528892709,94204.4352578210,
SUS,1,118,275810.5528892709,105597.0392262364,
SUS,1,119,275810.5528892709,98948.7558013431,
SUS,1,120,275810.5528892709,99594.0147262311,sus/run_01/best_snakes/generation_120.dna
SUS,1,121,275810.5528892709,95611.6366095906,
SUS,1,122,275810.5528892709,93596.6819937923,
SUS,1,123,275810.5528892709,97388.5907772463,
SUS,1,124,275810.5528892709,98401.8110030446,
SUS,1,125,275810.5528892709,105408.4234212649,sus/run_01/best_snakes/generation_125.dna
SUS,1,126,275810.5528892709,108589.2295983495,
SUS,1,127,275810.5528892709,101662.5661114699,
SUS,1,128,275810.5528892709,102025.2153694864,
SUS,1,129,275810.5528892709,95293.8889822461,
SUS,1,130,275810.5528892709,103126.5768402540,sus/run_01/best_snakes/generation_130.dna
SUS,2,0,18466.8115149220,2451.4503114480,sus/run_02/best_snakes/generation_000.dna
SUS,2,1,47020.8075606151,5902.3146971379,
SUS,2,2,54739.5729350637,13685.2235893020,
SUS,2,3,58042.7932436749,17796.9054204214,
SUS,2,4,66025.3912067987,20125.0471083455,
SUS,2,5,66025.3912067987,19630.4957687803,sus/run_02/best_snakes/generation_005.dna
SUS,2,6,70188.5664392788,24467.4579787905,
SUS,2,7,85653.4920857571,25376.3928898938,
SUS,2,8,85653.4920857571,24229.1887693851,
SUS,2,9,85653.4920857571,25946.8901174117,
SUS,2,10,85653.4920857571,26368.8671780835,sus/run_02/best_snakes/generation_010.dna
SUS,2,11,85653.4920857571,25076.7048186310,
SUS,2,12,85653.4920857571,25963.5047302038,
SUS,2,13,85653.4920857571,29480.0748392553,
SUS,2,14,85653.4920857571,27633.0041253616,
SUS,2,15,85653.4920857571,26189.0883253667,sus/run_02/best_snakes/generation_015.dna
SUS,2,16,85653.4920857571,26079.8751553612,
SUS,2,17,85653.4920857571,28963.2291482306,
SUS,2,18,85653.4920857571,29104.9499493383,
SUS,2,19,85653.4920857571,28079.2179087512,
SUS,2,20,85653.4920857571,27689.1962132555,sus/run_02/best_snakes/generation_020.dna
SUS,2,21,88118.8990432091,29532.2282394876,
SUS,2,22,88118.8990432091,28983.9320249501,
SUS,2,23,88118.8990432091,34833.8836140982,
SUS,2,24,88118.8990432091,30861.2888983216,
SUS,2,25,88118.8990432091,29387.7678271161,sus/run_02/best_snakes/generation_025.dna
SUS,2,26,88118.8990432091,30048.7432624131,
SUS,2,27,88118.8990432091,32733.1891416753,
SUS,2,28,98535.5139599633,38488.6604328074,
SUS,2,29,98535.5139599633,36564.5585206470,
SUS,2,30,98535.5139599633,38894.8818854409,sus/run_02/best_snakes/generation_030.dna
SUS,2,31,98535.5139599633,38791.6029224082,
SUS,2,32,101001.7143714945,39793.5661775197,
SUS,2,33,124885.2008784380,37152.1323973696,
SUS,2,34,124885.2008784380,38009.0395572860,
SUS,2,35,124885.2008784380,46706.8353775530,sus/run_02/best_snakes/generation_035.dna
SUS,2,36,124885.2008784380,43277.0472718073,
SUS,2,37,124885.2008784380,42921.9213707539,
SUS,2,38,124885.2008784380,42011.1784010103,
SUS,2,39,124885.2008784380,46408.5260346306,
SUS,2,40,124885.2008784380,46046.7567641515,sus/run_02/best_snakes/generation_040.dna
SUS,2,41,124885.2008784380,45734.2446712687,
SUS,2,42,124885.2008784380,49306.5946299415,
SUS,2,43,124885.2008784380,47873.4004864240,
SUS,2,44,124885.2008784380,49057.2812461563,
SUS,2,45,124885.2008784380,49314.7323987175,sus/run_02/best_snakes/generation_045.dna
SUS,2,46,124885.2008784380,47924.1196114134,
SUS,2,47,124885.2008784380,49200.7209521822,
SUS,2,48,124885.2008784380,47316.6002549114,
SUS,2,49,124885.2008784380,48837.2381504840,
SUS,2,50,124885.2008784380,41972.7573008477,sus/run_02/best_snakes/generation_050.dna
SUS,2,51,124885.2008784380,49053.5395826243,
SUS,2,52,138504.7435876454,55319.3304796273,
SUS,2,53,138504.7435876454,45053.1105502672,
SUS,2,54,138504.7435876454,53821.7353218493,
SUS,2,55,138504.7435876454,46204.0751500798,sus/run_02/best_snakes/generation_055.dna
SUS,2,56,138504.7435876454,53295.0474664617,
SUS,2,57,138504.7435876454,49402.1292530701,
SUS,2,58,138504.7435876454,48922.7584754142,
SUS,2,59,138504.7435876454,48506.4131061213,
SUS,2,60,138504.7435876454,52196.0761708579,sus/run_02/best_snakes/generation_060.dna
SUS,2,61,138504.7435876454,51873.3121403663,
SUS,2,62,138504.7435876454,51094.0042490574,
SUS,2,63,138504.7435876454,52119.3224977670,
SUS,2,64,138504.7435876454,50833.4738682379,
SUS,2,65,145201.7891505906,52924.8659468086,sus/run_02/best_snakes/generation_065.dna
SUS,2,66,145201.7891505906,47812.8310703604,
SUS,2,67,145201.7891505906,54357.9505645759,
SUS,2,68,145201.7891505906,51700.8293123120,
SUS,2,69,145201.7891505906,52743.2212279344,
SUS,2,70,145201.7891505906,51414.4775629631,sus/run_02/best_snakes/generation_070.dna
SUS,2,71,145201.7891505906,57955.2010162114,
SUS,2,72,145201.7891505906,56036.3701935135,
SUS,2,73,145201.7891505906,53531.3084352823,
SUS,2,74,145201.7891505906,56228.2666181196,
SUS,2,75,145201.7891505906,57703.0501484723,sus/run_02/best_snakes/generation_075.dna
SUS,2,76,145201.7891505906,56298.7874240254,
SUS,2,77,145201.7891505906,56832.5487784398,
SUS,2,78,145201.7891505906,55627.6032595412,
SUS,2,79,145201.7891505906,55890.2246278656,
SUS,2,80,145201.7891505906,52348.6096122039,sus/run_02/best_snakes/generation_080.dna
SUS,2,81,145201.7891505906,55533.3335914181,
SUS,2,82,145201.7891505906,51815.7248266061,
SUS,2,83,145201.7891505906,55573.5754372377,
SUS,2,84,145201.7891505906,58468.0048540391,
SUS,2,85,145201.7891505906,56595.1278422294,sus/run_02/best_snakes/generation_085.dna
SUS,2,86,145201.7891505906,55289.1239646076,
SUS,2,87,145201.7891505906,49261.2716404119,
SUS,2,88,145201.7891505906,58204.6601128673,
SUS,2,89,145201.7891505906,53951.8204364971,
SUS,2,90,145201.7891505906,52525.3123009630,sus/run_02/best_snakes/generation_090.dna
SUS,2,91,145201.7891505906,58345.2798462713,
SUS,2,92,145201.7891505906,54879.3298446090,
SUS,2,93,145201.7891505906,53734.8418313422,
SUS,2,94,145201.7891505906,53029.9624755146,
SUS,2,95,145201.7891505906,53367.2418842785,sus/run_02/best_snakes/generation_095.dna
SUS,2,96,145201.7891505906,55299.4633616912,
SUS,2,97,145201.7891505906,53769.3192480814,
SUS,2,98,145201.7891505906,60084.5815525216,
SUS,2,99,145201.7891505906,54337.1108155761,
SUS,2,100,145201.7891505906,56435.4584885274,sus/run_02/best_snakes/generation_100.dna
SUS,2,101,145201.7891505906,57372.6427713551,
SUS,2,102,145201.7891505906,58682.2715285986,
SUS,2,103,145201.7891505906,53903.3918719578,
SUS,2,104,145201.7891505906,58991.9407720854,
SUS,2,105,145201.7891505906,52705.1909399920,sus/run_02/best_snakes/generation_105.dna
SUS,3,0,20916.0475185729,2441.2506746522,sus/run_03/best_snakes/generation_000.dna
SUS,3,1,43462.1590968435,6885.7093077037,
SUS,3,2,47297.0964037042,10152.1897073985,
SUS,3,3,59120.3004734381,15212.9715988907,
SUS,3,4,59120.3004734381,20102.7501320021,
SUS,3,5,59120.3004734381,20571.9581963249,sus/run_03/best_snakes/generation_005.dna
SUS,3,6,66830.3605324980,20532.9180519941,
SUS,3,7,74633.9160309016,24199.8069475652,
SUS,3,8,74633.9160309016,22586.5401625337,
SUS,3,9,74633.9160309016,26675.9348727913,
SUS,3,10,74633.9160309016,24553.1654564743,sus/run_03/best_snakes/generation_010.dna
SUS,3,11,96965.5485575945,28218.2067910619,
SUS,3,12,96965.5485575945,32225.5473567272,
SUS,3,13,96965.5485575945,32636.9264999451,
SUS,3,14,96965.5485575945,32477.3678620089,
SUS,3,15,96965.5485575945,36029.8299040434,sus/run_03/best_snakes/generation_015.dna
SUS,3,16,96965.5485575945,33399.5265070185,
SUS,3,17,107588.8164107116,36548.0374931959,
SUS,3,18,107588.8164107116,39414.2867002853,
SUS,3,19,107588.8164107116,35872.8164337795,
SUS,3,20,107588.8164107116,38319.1601479677,sus/run_03/best_snakes/generation_020.dna
SUS,3,21,107588.8164107116,36029.9592398851,
SUS,3,22,107588.8164107116,43595.3946408756,
SUS,3,23,107588.8164107116,44012.1728544056,
SUS,3,24,107588.8164107116,39701.0676710734,
SUS,3,25,107588.8164107116,37987.7071136795,sus/run_03/best_snakes/generation_025.dna
SUS,3,26,109253.7898172395,43427.6380560020,
SUS,3,27,109253.7898172395,43823.5891859574,
SUS,3,28,109253.7898172395,44606.2021406402,
SUS,3,29,109253.7898172395,39920.7058592385,
SUS,3,30,109253.7898172395,43490.2685799943,sus/run_03/best_snakes/generation_030.dna
SUS,3,31,111906.0827329326,43822.3746019939,
SUS,3,32,111906.0827329326,43526.6144660068,
SUS,3,33,111906.0827329326,39607.0559759728,
SUS,3,34,111906.0827329326,39915.0129287562,
SUS,3,35,111906.0827329326,44476.2063847217,sus/run_03/best_snakes/generation_035.dna
SUS,3,36,112034.9025363770,48153.2618704685,
SUS,3,37,112034.9025363770,48825.6609459379,
SUS,3,38,112034.9025363770,45367.5270824873,
SUS,3,39,112034.9025363770,46753.7732335381,
SUS,3,40,112034.9025363770,50943.3726055900,sus/run_03/best_snakes/generation_040.dna
SUS,3,41,113822.9551362655,51914.0116311245,
SUS,3,42,113822.9551362655,48943.6243951201,
SUS,3,43,113822.9551362655,50974.1760801450,
SUS,3,44,113822.9551362655,48369.6244415275,
SUS,3,45,113822.9551362655,43678.4420410489,sus/run_03/best_snakes/generation_045.dna
SUS,3,46,113822.9551362655,48361.7430275507,
SUS,3,47,114502.0778504016,50519.7198962312,
SUS,3,48,114502.0778504016,48030.4659341438,
SUS,3,49,114502.0778504016,51046.2316894538,
SUS,3,50,114502.0778504016,52072.1486921985,sus/run_03/best_snakes/generation_050.dna
SUS,3,51,117575.2549872558,46983.7478448883,
SUS,3,52,117575.2549872558,44189.8130281259,
SUS,3,53,119784.4384978646,53583.7127529499,
SUS,3,54,119784.4384978646,49423.9258925928,
SUS,3,55,119784.4384978646,54678.7742188080,sus/run_03/best_snakes/generation_055.dna
SUS,3,56,119784.4384978646,54131.7406303648,
SUS,3,57,121917.1693483683,53264.6563300695,
SUS,3,58,125043.3212273243,56207.3985849308,
SUS,3,59,128542.4071529214,57215.3772626103,
SUS,3,60,128542.4071529214,56160.9306729377,sus/run_03/best_snakes/generation_060.dna
SUS,3,61,128542.4071529214,59926.8688628211,
SUS,3,62,128542.4071529214,51335.3704022270,
SUS,3,63,128542.4071529214,53115.6907821460,
SUS,3,64,128542.4071529214,54196.9254483663,
SUS,3,65,128542.4071529214,57262.1322978568,sus/run_03/best_snakes/generation_065.dna
SUS,3,66,128542.4071529214,53465.6777802991,
SUS,3,67,128542.4071529214,58077.3871939313,
SUS,3,68,128542.4071529214,61715.9764299424,
SUS,3,69,128542.4071529214,57825.8221534505,
SUS,3,70,128542.4071529214,58645.4321104869,sus/run_03/best_snakes/generation_070.dna
SUS,3,71,128542.4071529214,52595.4752675101,
SUS,3,72,128542.4071529214,53163.3459648412,
SUS,3,73,128542.4071529214,53653.2583678938,
SUS,3,74,130289.2160746222,65458.3186290052,
SUS,3,75,130289.2160746222,51765.8976030483,sus/run_03/best_snakes/generation_075.dna
SUS,3,76,130289.2160746222,52808.6888735715,
SUS,3,77,130289.2160746222,56049.7414543539,
SUS,3,78,130289.2160746222,54491.4033122189,
SUS,3,79,130289.2160746222,58818.7444475195,
SUS,3,80,130289.2160746222,62211.9171320491,sus/run_03/best_snakes/generation_080.dna
SUS,3,81,130289.2160746222,57772.7708497393,
SUS,3,82,136367.0872257575,62083.8425147571,
SUS,3,83,136367.0872257575,56461.5068108791,
SUS,3,84,136367.0872257575,54192.6702331028,
SUS,3,85,136367.0872257575,61168.1135912699,sus/run_03/best_snakes/generation_085.dna
SUS,3,86,136367.0872257575,57934.9570542745,
SUS,3,87,136367.0872257575,59875.8074376722,
SUS,3,88,136367.0872257575,65457.0598478158,
SUS,3,89,136367.0872257575,63777.0841407767,
SUS,3,90,136466.3210197651,64170.4468085291,sus/run_03/best_snakes/generation_090.dna
SUS,3,91,136466.3210197651,51278.6767250432,
SUS,3,92,136466.3210197651,62207.5182221976,
SUS,3,93,136466.3210197651,63719.0687120767,
SUS,3,94,136466.3210197651,67518.4091859830,
SUS,3,95,136466.3210197651,58439.7037727919,sus/run_03/best_snakes/generation_095.dna
SUS,3,96,136466.3210197651,63598.0660820210,
SUS,3,97,142091.3209589585,66868.3809022037,
SUS,3,98,142091.3209589585,61307.7817613987,
SUS,3,99,142091.3209589585,60638.0942649976,
SUS,3,100,142091.3209589585,64480.6576244853,sus/run_03/best_snakes/generation_100.dna
SUS,3,101,142091.3209589585,58412.7533700426,
SUS,3,102,142091.3209589585,59176.2102870981,
SUS,3,103,142091.3209589585,61442.4301541325,
SUS,3,104,145097.7507824027,67930.1644858927,
SUS,3,105,145097.7507824027,65325.7493756152,sus/run_03/best_snakes/generation_105.dna
SUS,3,106,154369.1901984596,58761.1826331871,
SUS,3,107,154369.1901984596,69816.9220854541,
SUS,3,108,154369.1901984596,65839.0790409788,
SUS,3,109,154369.1901984596,74327.4111520923,
SUS,3,110,154369.1901984596,71260.6027830921,sus/run_03/best_snakes/generation_110.dna
SUS,3,111,154369.1901984596,65041.0883894206,
SUS,3,112,154369.1901984596,61333.1482658201,
SUS,3,113,154369.1901984596,65761.2576316191,
SUS,3,114,154369.1901984596,75065.1768708995,
SUS,3,115,154369.1901984596,72734.5388529914,sus/run_03/best_snakes/generation_115.dna
SUS,3,116,154369.1901984596,79894.9605283132,
SUS,3,117,154369.1901984596,78289.1190913239,
SUS,3,118,154369.1901984596,73285.7693280886,
SUS,3,119,161716.9690582320,70427.4099573117,
SUS,3,120,161716.9690582320,80991.8767238341,sus/run_03/best_snakes/generation_120.dna
SUS,3,121,161716.9690582320,78880.7691384413,
SUS,3,122,161716.9690582320,78572.4195299626,
SUS,3,123,161716.9690582320,73755.2319650515,
SUS,3,124,162944.2516267493,81654.8683518323,
SUS,3,125,162944.2516267493,79341.1018766465,sus/run_03/best_snakes/generation_125.dna
SUS,3,126,162944.2516267493,80400.5558899968,
SUS,3,127,162944.2516267493,79670.8511095829,
SUS,3,128,162944.2516267493,80453.3788942401,
SUS,3,129,162944.2516267493,78600.0342722342,
SUS,3,130,162944.2516267493,82354.1158050693,sus/run_03/best_snakes/generation_130.dna
SUS,3,131,162944.2516267493,72768.9982242623,
SUS,3,132,162944.2516267493,80950.5082120871,
SUS,3,133,162944.2516267493,76060.4671496094,
SUS,3,134,162944.2516267493,74488.0999409535,
SUS,3,135,162944.2516267493,75868.9520592508,sus/run_03/best_snakes/generation_135.dna
SUS,3,136,173746.6110319207,73657.5785448821,
SUS,3,137,173746.6110319207,83323.2605874660,
SUS,3,138,173746.6110319207,81084.0194542198,
SUS,3,139,173746.6110319207,77735.6499652138,
SUS,3,140,173746.6110319207,78088.5565087644,sus/run_03/best_snakes/generation_140.dna
SUS,3,141,173746.6110319207,88492.4540492866,
SUS,3,142,173746.6110319207,76913.2847011807,
SUS,3,143,173746.6110319207,80820.6319112852,
SUS,3,144,173746.6110319207,83330.8517787614,
SUS,3,145,173746.6110319207,81607.4899599224,sus/run_03/best_snakes/generation_145.dna
SUS,3,146,173746.6110319207,81746.7192540230,
SUS,3,147,173746.6110319207,80113.8836719365,
SUS,3,148,173746.6110319207,79046.1308590675,
SUS,3,149,180631.6488197720,80441.5074413244,
SUS,3,150,180631.6488197720,83441.9533635903,sus/run_03/best_snakes/generation_150.dna
SUS,3,151,180631.6488197720,78011.4095531873,
SUS,3,152,180631.6488197720,71423.7038185915,
SUS,3,153,180631.6488197720,94275.5843279685,
SUS,3,154,180631.6488197720,82395.1003936307,
SUS,3,155,180631.6488197720,77953.9046583220,sus/run_03/best_snakes/generation_155.dna
SUS,3,156,180631.6488197720,82799.8053722630,
SUS,3,157,180631.6488197720,88392.2669817652,
SUS,3,158,180631.6488197720,82081.7200182988,
SUS,3,159,180631.6488197720,75569.8678619133,
SUS,3,160,180631.6488197720,78035.7364096756,sus/run_03/best_snakes/generation_160.dna
SUS,3,161,180631.6488197720,74252.2210132874,
SUS,3,162,180631.6488197720,83428.4610824121,
SUS,3,163,180631.6488197720,81280.4382100425,
SUS,3,164,180631.6488197720,82337.6799113794,
SUS,3,165,180631.6488197720,81897.4744686425,sus/run_03/best_snakes/generation_165.dna
SUS,3,166,180631.6488197720,83204.4988701266,
SUS,3,167,180631.6488197720,83860.2039827045,
SUS,3,168,180631.6488197720,83243.4677431905,
SUS,3,169,180631.6488197720,84537.3659533494,
SUS,3,170,180631.6488197720,82545.3718625618,sus/run_03/best_snakes/generation_170.dna
SUS,3,171,180631.6488197720,87796.8272237045,
SUS,3,172,180631.6488197720,88504.0914444817,
SUS,3,173,180631.6488197720,85293.3709725537,
SUS,3,174,180631.6488197720,82922.0419280670,
SUS,3,175,180631.6488197720,88761.1530510343,sus/run_03/best_snakes/generation_175.dna
SUS,3,176,180631.6488197720,75634.4930064926,
SUS,3,177,180631.6488197720,81423.8891958765,
SUS,3,178,180631.6488197720,86018.5890020904,
SUS,3,179,180631.6488197720,85981.2916394571,
SUS,3,180,180631.6488197720,80100.5374865462,sus/run_03/best_snakes/generation_180.dna
SUS,3,181,180631.6488197720,83265.9113485990,
SUS,3,182,180631.6488197720,79707.3726051618,
SUS,3,183,180631.6488197720,87428.6922308348,
SUS,3,184,180631.6488197720,82412.1329104536,
SUS,3,185,180631.6488197720,82889.5576243568,sus/run_03/best_snakes/generation_185.dna
SUS,3,186,180631.6488197720,90488.3908166652,
SUS,3,187,180631.6488197720,81569.2780048043,
SUS,3,188,180631.6488197720,85584.2895890767,
SUS,3,189,180631.6488197720,85335.8740383891,
SUS,4,0,7393.6317989464,1531.6032436002,sus/run_04/best_snakes/generation_000.dna
SUS,4,1,30516.2962205406,3673.6495692855,
SUS,4,2,36945.3774874924,7597.8522024499,
SUS,4,3,36945.3774874924,9332.7396662378,
SUS,4,4,36945.3774874924,9986.3069845467,
SUS,4,5,36945.3774874924,10937.4547170903,sus/run_04/best_snakes/generation_005.dna
SUS,4,6,38910.6477884310,10120.2411619126,
SUS,4,7,38910.6477884310,10635.9254690357,
SUS,4,8,39871.9100569177,12529.7643087176,
SUS,4,9,52285.9817581520,12792.6879867178,
SUS,4,10,52285.9817581520,13290.8171821976,sus/run_04/best_snakes/generation_010.dna
SUS,4,11,52285.9817581520,14830.9733419160,
SUS,4,12,53931.2762080243,12943.4778103562,
SUS,4,13,53931.2762080243,17862.1754053950,
SUS,4,14,54869.3097277442,18654.0376100259,
SUS,4,15,61947.1146600419,18139.5268805018,sus/run_04/best_snakes/generation_015.dna
SUS,4,16,61947.1146600419,20279.6129384398,
SUS,4,17,71648.2196413179,22743.1507500912,
SUS,4,18,71648.2196413179,20532.3541793835,
SUS,4,19,76210.8251210119,26871.0868895122,
SUS,4,20,76210.8251210119,29501.0703169257,sus/run_04/best_snakes/generation_020.dna
SUS,4,21,76210.8251210119,23462.3696069069,
SUS,4,22,76210.8251210119,26441.0891725978,
SUS,4,23,76210.8251210119,25547.3264852839,
SUS,4,24,76210.8251210119,24676.8871996321,
SUS,4,25,88114.8135186369,24411.0036003958,sus/run_04/best_snakes/generation_025.dna
SUS,4,26,88114.8135186369,24858.2020469104,
SUS,4,27,88114.8135186369,27283.1368393003,
SUS,4,28,88114.8135186369,26508.6931711906,
SUS,4,29,88114.8135186369,24864.0336556688,
SUS,4,30,88114.8135186369,28463.0067416241,sus/run_04/best_snakes/generation_030.dna
SUS,4,31,88706.8301905629,29514.5028950189,
SUS,4,32,88706.8301905629,30694.5537619701,
SUS,4,33,98522.7158436637,30928.8789180691,
SUS,4,34,98522.7158436637,32235.8133630997,
SUS,4,35,98522.7158436637,32406.7141573567,sus/run_04/best_snakes/generation_035.dna
SUS,4,36,99787.7767717561,32991.7838466780,
SUS,4,37,99787.7767717561,33478.1764421145,
SUS,4,38,111329.5908926876,40021.5813682511,
SUS,4,39,111329.5908926876,44404.7714897638,
SUS,4,40,137144.0285316815,42378.8984006361,sus/run_04/best_snakes/generation_040.dna
SUS,4,41,137144.0285316815,43542.5441398866,
SUS,4,42,137144.0285316815,47153.8708600934,
SUS,4,43,137144.0285316815,46318.9133569221,
SUS,4,44,137144.0285316815,51149.0638692064,
SUS,4,45,137144.0285316815,56409.0472328491,sus/run_04/best_snakes/generation_045.dna
SUS,4,46,137144.0285316815,58174.9764590738,
SUS,4,47,137144.0285316815,54511.9063003628,
SUS,4,48,137144.0285316815,50525.5376653428,
SUS,4,49,137144.0285316815,50138.3618476836,
SUS,4,50,137144.0285316815,55418.7872553322,sus/run_04/best_snakes/generation_050.dna
SUS,4,51,137144.0285316815,48765.2896012211,
SUS,4,52,137144.0285316815,53393.6704933594,
SUS,4,53,137144.0285316815,53927.4012835614,
SUS,4,54,137144.0285316815,49167.5018875667,
SUS,4,55,137144.0285316815,57778.8920858086,sus/run_04/best_snakes/generation_055.dna
SUS,4,56,137144.0285316815,48552.2785215765,
SUS,4,57,137144.0285316815,54469.4016379539,
SUS,4,58,137144.0285316815,50741.6314511183,
SUS,4,59,137144.0285316815,53304.5493011557,
SUS,4,60,137144.0285316815,58080.8402661736,sus/run_04/best_snakes/generation_060.dna
SUS,4,61,148363.9615352062,55703.8148978733,
SUS,4,62,148363.9615352062,62978.6430571306,
SUS,4,63,154819.3192256221,52772.9428947071,
SUS,4,64,154819.3192256221,67850.9811848252,
SUS,4,65,154819.3192256221,57164.4497637904,sus/run_04/best_snakes/generation_065.dna
SUS,4,66,154819.3192256221,58106.2904836415,
SUS,4,67,154819.3192256221,72706.0669650072,
SUS,4,68,154819.3192256221,75073.1312586829,
SUS,4,69,154819.3192256221,65502.2632183792,
SUS,4,70,162964.6220766922,81619.2899446187,sus/run_04/best_snakes/generation_070.dna
SUS,4,71,162964.6220766922,79082.1583913231,
SUS,4,72,164674.2380877789,84163.9569264668,
SUS,4,73,182093.2156561639,74709.9266656519,
SUS,4,74,182093.2156561639,79334.5696790410,
SUS,4,75,182093.2156561639,86566.8835071959,sus/run_04/best_snakes/generation_075.dna
SUS,4,76,182093.2156561639,89184.8912699440,
SUS,4,77,182093.2156561639,80188.5989183157,
SUS,4,78,182093.2156561639,84590.4816648940,
SUS,4,79,182093.2156561639,84501.6281062723,
SUS,4,80,182093.2156561639,86091.0738382515,sus/run_04/best_snakes/generation_080.dna
SUS,4,81,182093.2156561639,88541.8725165234,
SUS,4,82,182093.2156561639,68517.8203990657,
SUS,4,83,182093.2156561639,71415.9231756596,
SUS,4,84,182093.2156561639,71436.9826476257,
SUS,4,85,191235.9262257983,76997.0471136272,sus/run_04/best_snakes/generation_085.dna
SUS,4,86,191235.9262257983,91332.9474074431,
SUS,4,87,191235.9262257983,91427.5823886459,
SUS,4,88,191235.9262257983,74122.9020728448,
SUS,4,89,191235.9262257983,80571.2231037311,
SUS,4,90,191235.9262257983,80604.5566711051,sus/run_04/best_snakes/generation_090.dna
SUS,4,91,191235.9262257983,79873.1650631978,
SUS,4,92,191235.9262257983,92315.7702626273,
SUS,4,93,191235.9262257983,92733.6804796894,
SUS,4,94,191235.9262257983,93021.4302691049,
SUS,4,95,191235.9262257983,84939.4173036226,sus/run_04/best_snakes/generation_095.dna
SUS,4,96,191235.9262257983,86851.6306626815,
SUS,4,97,191235.9262257983,83944.1645461808,
SUS,4,98,191235.9262257983,87075.2193439100,
SUS,4,99,194321.2580773979,99103.7146139206,
SUS,4,100,194321.2580773979,89239.4635290005,sus/run_04/best_snakes/generation_100.dna
SUS,4,101,194321.2580773979,91415.5372756780,
SUS,4,102,194321.2580773979,88334.1691344873,
SUS,4,103,194321.2580773979,85238.4469237177,
SUS,4,104,194321.2580773979,84112.0726112983,
SUS,4,105,194321.2580773979,89724.9820405831,sus/run_04/best_snakes/generation_105.dna
SUS,4,106,194321.2580773979,84825.8497765512,
SUS,4,107,194321.2580773979,92749.7601328844,
SUS,4,108,194321.2580773979,94183.5540191051,
SUS,4,109,194321.2580773979,97882.5241235453,
SUS,4,110,194321.2580773979,92597.4894965798,sus/run_04/best_snakes/generation_110.dna
SUS,4,111,194321.2580773979,99253.7783307944,
SUS,4,112,194321.2580773979,87370.9269038211,
SUS,4,113,194321.2580773979,95807.5482722804,
SUS,4,114,194321.2580773979,92854.8520335600,
SUS,4,115,194321.2580773979,88813.5110481340,sus/run_04/best_snakes/generation_115.dna
SUS,4,116,194321.2580773979,86279.4621577768,
SUS,4,117,194321.2580773979,95230.1889342257,
SUS,4,118,194321.2580773979,98964.7099583860,
SUS,4,119,194321.2580773979,103590.3062628500,
SUS,4,120,194321.2580773979,110398.3838989537,sus/run_04/best_snakes/generation_120.dna
SUS,4,121,194321.2580773979,101968.6543616284,
SUS,4,122,194321.2580773979,102755.7232791062,
SUS,4,123,194321.2580773979,105612.8915689830,
SUS,4,124,194321.2580773979,100660.5424355782,
SUS,4,125,194321.2580773979,100418.7721218035,sus/run_04/best_snakes/generation_125.dna
SUS,4,126,194321.2580773979,97132.4555411177,
SUS,4,127,194321.2580773979,93057.9496727000,
SUS,4,128,194321.2580773979,97534.2428542339,
SUS,4,129,194321.2580773979,93358.5294099355,
SUS,4,130,194321.2580773979,98476.0271993000,sus/run_04/best_snakes/generation_130.dna
SUS,4,131,197365.0965583670,100683.6929766802,
SUS,4,132,197365.0965583670,97920.3783026908,
SUS,4,133,197365.0965583670,104323.2603810794,
SUS,4,134,197365.0965583670,106226.5480766913,
SUS,4,135,197365.0965583670,96680.8190064888,sus/run_04/best_snakes/generation_135.dna
SUS,4,136,197365.0965583670,103445.8517493069,
SUS,4,137,197365.0965583670,97460.0777029138,
SUS,4,138,211504.3559102732,87437.9380042796,
SUS,4,139,211504.3559102732,102375.4475532753,
SUS,4,140,211504.3559102732,97968.9882848670,sus/run_04/best_snakes/generation_140.dna
SUS,4,141,211504.3559102732,108237.2476731965,
SUS,4,142,211504.3559102732,89554.0930572823,
SUS,4,143,211504.3559102732,101694.2697667815,
SUS,4,144,211504.3559102732,102495.9221793804,
SUS,4,145,211504.3559102732,98658.3685431747,sus/run_04/best_snakes/generation_145.dna
SUS,4,146,211504.3559102732,87424.9850346870,
SUS,4,147,211504.3559102732,99523.3274987859,
SUS,4,148,211504.3559102732,93509.8428454454,
SUS,4,149,211504.3559102732,101173.2065396724,
SUS,4,150,211504.3559102732,95442.2865281354,sus/run_04/best_snakes/generation_150.dna
SUS,4,151,211504.3559102732,95614.2841925768,
SUS,4,152,211504.3559102732,98329.2436180952,
SUS,4,153,211504.3559102732,107036.6773733712,
SUS,4,154,211504.3559102732,95247.6505248532,
SUS,4,155,211504.3559102732,96360.1120130917,sus/run_04/best_snakes/generation_155.dna
SUS,4,156,211504.3559102732,100061.2688315517,
SUS,4,157,211504.3559102732,102813.0235198283,
SUS,4,158,211504.3559102732,89515.6534063021,
SUS,4,159,211504.3559102732,89089.0700133872,
SUS,4,160,211504.3559102732,96834.9218430744,sus/run_04/best_snakes/generation_160.dna
SUS,4,161,211504.3559102732,83895.5398154768,
SUS,4,162,211504.3559102732,90778.8587543069,
SUS,4,163,211504.3559102732,99593.8232529932,
SUS,4,164,211504.3559102732,91572.7463438618,
SUS,4,165,211504.3559102732,87843.7044181005,sus/run_04/best_snakes/generation_165.dna
SUS,4,166,211504.3559102732,93428.7574010383,
SUS,4,167,211504.3559102732,100873.0483710237,
SUS,4,168,211504.3559102732,92349.4841345490,
SUS,4,169,211504.3559102732,99853.7680000038,
SUS,4,170,211504.3559102732,94855.4844814478,sus/run_04/best_snakes/generation_170.dna
SUS,4,171,211504.3559102732,96492.6777677538,
SUS,4,172,211504.3559102732,86646.8470478406,
SUS,4,173,211504.3559102732,91228.9710234318,
SUS,4,174,211504.3559102732,98154.2896800276,
SUS,4,175,211504.3559102732,97882.1773735186,sus/run_04/best_snakes/generation_175.dna
SUS,4,176,211504.3559102732,96074.1068424375,
SUS,4,177,211504.3559102732,103986.4547496880,
SUS,4,178,211504.3559102732,96720.9456053409,
SUS,5,0,11493.1618253475,1958.8872492635,sus/run_05/best_snakes/generation_000.dna
SUS,5,1,34942.7663869530,4917.0161390973,
SUS,5,2,34942.7663869530,7748.4482953940,
SUS,5,3,42170.0431937521,10933.8685388390,
SUS,5,4,65757.2343409424,13901.7449119090,
SUS,5,5,65757.2343409424,16225.4699851508,sus/run_05/best_snakes/generation_005.dna
SUS,5,6,65757.2343409424,20876.8482394771,
SUS,5,7,65757.2343409424,22839.3473047997,
SUS,5,8,65757.2343409424,19851.8368995698,
SUS,5,9,65757.2343409424,25040.1127589521,
SUS,5,10,65757.2343409424,26355.4319817426,sus/run_05/best_snakes/generation_010.dna
SUS,5,11,70089.9157286561,26420.4174010761,
SUS,5,12,70089.9157286561,27830.5097145161,
SUS,5,13,88231.1289996639,26571.4490559060,
SUS,5,14,88231.1289996639,27731.0211524234,
SUS,5,15,88231.1289996639,32543.9669435496,sus/run_05/best_snakes/generation_015.dna
SUS,5,16,88231.1289996639,31774.9383487530,
SUS,5,17,88231.1289996639,31170.5392744152,
SUS,5,18,88231.1289996639,32692.5817011440,
SUS,5,19,88231.1289996639,37392.5242591223,
SUS,5,20,118578.5491037765,39412.3137382315,sus/run_05/best_snakes/generation_020.dna
SUS,5,21,118578.5491037765,38179.1920369891,
SUS,5,22,118578.5491037765,38875.0866668734,
SUS,5,23,118578.5491037765,37520.8338911287,
SUS,5,24,118578.5491037765,43178.0326885980,
SUS,5,25,118578.5491037765,40657.5621568200,sus/run_05/best_snakes/generation_025.dna
SUS,5,26,118578.5491037765,47469.7597429185,
SUS,5,27,118578.5491037765,45877.3055428574,
SUS,5,28,118578.5491037765,50045.8366160128,
SUS,5,29,118578.5491037765,44058.8765209662,
SUS,5,30,118578.5491037765,51357.8187347736,sus/run_05/best_snakes/generation_030.dna
SUS,5,31,118578.5491037765,53575.1232817356,
SUS,5,32,118578.5491037765,47974.7474156481,
SUS,5,33,135817.8559308953,49953.9257010115,
SUS,5,34,135817.8559308953,49696.6309835233,
SUS,5,35,135817.8559308953,55662.5055479682,sus/run_05/best_snakes/generation_035.dna
SUS,5,36,157411.5694179312,51779.7822706639,
SUS,5,37,157411.5694179312,52164.6288200377,
SUS,5,38,157411.5694179312,51672.0251674108,
SUS,5,39,157411.5694179312,55130.8060603265,
SUS,5,40,157411.5694179312,56705.6864001405,sus/run_05/best_snakes/generation_040.dna
SUS,5,41,157411.5694179312,58992.2422782671,
SUS,5,42,157411.5694179312,64236.6311353456,
SUS,5,43,157411.5694179312,58357.9574352173,
SUS,5,44,157411.5694179312,66257.7964901313,
SUS,5,45,157411.5694179312,64877.3524585630,sus/run_05/best_snakes/generation_045.dna
SUS,5,46,157411.5694179312,72206.6317907764,
SUS,5,47,157411.5694179312,70095.1640468405,
SUS,5,48,157411.5694179312,60933.1004073621,
SUS,5,49,157411.5694179312,64321.6081378462,
SUS,5,50,157411.5694179312,63232.2463546255,sus/run_05/best_snakes/generation_050.dna
SUS,5,51,157411.5694179312,69720.6797810095,
SUS,5,52,157411.5694179312,67911.0332116312,
SUS,5,53,157411.5694179312,67207.9218664865,
SUS,5,54,159340.9313771311,71586.5302818581,
SUS,5,55,159340.9313771311,69272.4292063519,sus/run_05/best_snakes/generation_055.dna
SUS,5,56,159340.9313771311,68309.2590099538,
SUS,5,57,159340.9313771311,70770.7911352569,
SUS,5,58,161066.5952643479,77144.6653715804,
SUS,5,59,161066.5952643479,68959.4638209774,
SUS,5,60,161066.5952643479,70422.8776110733,sus/run_05/best_snakes/generation_060.dna
SUS,5,61,161066.5952643479,72898.0470097703,
SUS,5,62,161066.5952643479,73341.8893260506,
SUS,5,63,167684.0732912037,76440.2578088348,
SUS,5,64,167684.0732912037,76562.5090893679,
SUS,5,65,167684.0732912037,74168.8868012164,sus/run_05/best_snakes/generation_065.dna
SUS,5,66,167684.0732912037,69510.8943925521,
SUS,5,67,167684.0732912037,69978.2595988282,
SUS,5,68,167684.0732912037,72833.2483850883,
SUS,5,69,167684.0732912037,72359.1964986794,
SUS,5,70,167684.0732912037,70966.2233087866,sus/run_05/best_snakes/generation_070.dna
SUS,5,71,167684.0732912037,74363.6212301837,
SUS,5,72,167684.0732912037,79884.6231454913,
SUS,5,73,167684.0732912037,77128.8096523648,
SUS,5,74,167684.0732912037,78723.8091225895,
SUS,5,75,167684.0732912037,77931.6358630806,sus/run_05/best_snakes/generation_075.dna
SUS,5,76,170211.8304205265,75396.2258723006,
SUS,5,77,170211.8304205265,79809.3716310774,
SUS,5,78,170211.8304205265,79104.6494004784,
SUS,5,79,177543.5758094132,78588.6256185213,
SUS,5,80,177543.5758094132,70506.7612412355,sus/run_05/best_snakes/generation_080.dna
SUS,5,81,177543.5758094132,78395.0396287881,
SUS,5,82,177543.5758094132,82379.2671433023,
SUS,5,83,177543.5758094132,78568.7124168227,
SUS,5,84,177543.5758094132,80936.3437863262,
SUS,5,85,177543.5758094132,77404.2875403376,sus/run_05/best_snakes/generation_085.dna
SUS,5,86,177543.5758094132,80886.7174105043,
SUS,5,87,177543.5758094132,82143.0471888031,
SUS,5,88,177543.5758094132,82781.2272565477,
SUS,5,89,177543.5758094132,94148.1053108630,
SUS,5,90,177543.5758094132,84395.5273365547,sus/run_05/best_snakes/generation_090.dna
SUS,5,91,177543.5758094132,87200.3791461446,
SUS,5,92,177543.5758094132,90810.2296533971,
SUS,5,93,177543.5758094132,84583.8732321632,
SUS,5,94,177543.5758094132,82740.4867792458,
SUS,5,95,177543.5758094132,89415.3415259869,sus/run_05/best_snakes/generation_095.dna
SUS,5,96,191131.3720002033,85254.4315510581,
SUS,5,97,191131.3720002033,86424.2457697281,
SUS,5,98,191131.3720002033,96163.0518525060,
SUS,5,99,191131.3720002033,84562.3434889584,
SUS,5,100,201145.4415693967,97310.8528497858,sus/run_05/best_snakes/generation_100.dna
SUS,5,101,201145.4415693967,92423.6792891149,
SUS,5,102,201145.4415693967,103264.9667059543,
SUS,5,103,201145.4415693967,96812.9363412718,
SUS,5,104,201145.4415693967,89187.8857476531,
SUS,5,105,201145.4415693967,88386.5210019942,sus/run_05/best_snakes/generation_105.dna
SUS,5,106,201145.4415693967,89341.6339820107,
SUS,5,107,201145.4415693967,97964.1947692298,
SUS,5,108,201145.4415693967,97231.7853507806,
SUS,5,109,201145.4415693967,91675.3421873190,
SUS,5,110,201145.4415693967,96489.9290619001,sus/run_05/best_snakes/generation_110.dna
SUS,5,111,203558.0172924307,105654.1298940427,
SUS,5,112,211642.7354641460,109580.6888855560,
SUS,5,113,211642.7354641460,102442.6440648909,
SUS,5,114,211642.7354641460,111123.4690169102,
SUS,5,115,211642.7354641460,100138.0806957523,sus/run_05/best_snakes/generation_115.dna
SUS,5,116,211642.7354641460,98516.1485127456,
SUS,5,117,211642.7354641460,95894.2444369046,
SUS,5,118,211642.7354641460,98630.2964046817,
SUS,5,119,211642.7354641460,106718.5985028825,
SUS,5,120,211642.7354641460,98813.3624109700,sus/run_05/best_snakes/generation_120.dna
SUS,5,121,211642.7354641460,104720.4898454840,
SUS,5,122,211642.7354641460,99057.3755346445,
SUS,5,123,216718.9460885617,103767.9134921575,
SUS,5,124,216718.9460885617,107416.1939822409,
SUS,5,125,216718.9460885617,106886.5601165024,sus/run_05/best_snakes/generation_125.dna
SUS,5,126,216718.9460885617,97504.6480103644,
SUS,5,127,216718.9460885617,101884.1994032284,
SUS,5,128,216718.9460885617,102152.4329958954,
SUS,5,129,216718.9460885617,100808.4567712752,
SUS,5,130,216718.9460885617,100975.0856067225,sus/run_05/best_snakes/generation_130.dna
SUS,5,131,216718.9460885617,107651.3245204538,
SUS,5,132,216718.9460885617,100627.8892445948,
SUS,5,133,216718.9460885617,107780.3667367137,
SUS,5,134,216718.9460885617,106278.7277935982,
SUS,5,135,216718.9460885617,112023.5782916959,sus/run_05/best_snakes/generation_135.dna
SUS,5,136,216718.9460885617,104029.2668769344,
SUS,5,137,216718.9460885617,102881.9104348126,
SUS,5,138,216718.9460885617,102413.3369797268,
SUS,5,139,216718.9460885617,99914.8716564195,
SUS,5,140,216718.9460885617,107818.0953261512,sus/run_05/best_snakes/generation_140.dna
SUS,5,141,216718.9460885617,96487.9099609751,
SUS,5,142,216718.9460885617,105612.4298949470,
SUS,5,143,216718.9460885617,114414.0040141134,
SUS,5,144,216718.9460885617,102342.5220678641,
SUS,5,145,216718.9460885617,110378.0960260394,sus/run_05/best_snakes/generation_145.dna
SUS,5,146,216718.9460885617,103230.6543757767,
SUS,5,147,216718.9460885617,107049.3060129633,
SUS,5,148,216718.9460885617,102073.0684503220,
SUS,5,149,216718.9460885617,100700.1657972213,
SUS,5,150,240262.4685520065,108119.5813917118,sus/run_05/best_snakes/generation_150.dna
SUS,5,151,240262.4685520065,103605.9408757015,
SUS,5,152,240262.4685520065,105491.7758852428,
SUS,5,153,240262.4685520065,109439.7283224756,
SUS,5,154,240262.4685520065,107853.9397693624,
SUS,5,155,240262.4685520065,101982.7621721827,sus/run_05/best_snakes/generation_155.dna
SUS,5,156,240262.4685520065,106637.2944250660,
SUS,5,157,240262.4685520065,108149.8424992715,
SUS,5,158,240262.4685520065,107662.0633373174,
SUS,5,159,240262.4685520065,105784.2365033705,
SUS,5,160,240262.4685520065,99669.8932444548,sus/run_05/best_snakes/generation_160.dna
SUS,5,161,240262.4685520065,106749.0769376627,
SUS,5,162,240262.4685520065,100217.9494939124,
SUS,5,163,240262.4685520065,103651.5811918010,
SUS,5,164,240262.4685520065,93777.4281741923,
SUS,5,165,240262.4685520065,102784.7227477642,sus/run_05/best_snakes/generation_165.dna
SUS,5,166,240262.4685520065,101884.8216608118,
SUS,5,167,240262.4685520065,103587.0693949118,
SUS,5,168,240262.4685520065,102942.6553127659,
SUS,5,169,240262.4685520065,92338.0364890567,
SUS,5,170,240262.4685520065,102897.7944408337,sus/run_05/best_snakes/generation_170.dna
SUS,5,171,240262.4685520065,109210.3837561607,
SUS,5,172,240262.4685520065,103477.5772854061,
SUS,5,173,240262.4685520065,105552.3199725467,
SUS,5,174,240262.4685520065,99548.3017431853,
SUS,5,175,240262.4685520065,98121.7257540751,sus/run_05/best_snakes/generation_175.dna
SUS,5,176,240262.4685520065,89518.8170116866,
SUS,5,177,240262.4685520065,104705.7245992978,
SUS,5,178,240262.4685520065,101919.6650744698,
SUS,5,179,240262.4685520065,105639.6687619846,
SUS,5,180,240262.4685520065,98885.5616100333,sus/run_05/best_snakes/generation_180.dna
SUS,5,181,240262.4685520065,91324.2732825039,
SUS,5,182,240262.4685520065,97085.5691569943,
SUS,5,183,240262.4685520065,104208.7897771020,
SUS,5,184,240262.4685520065,102067.7777975653,
SUS,5,185,240262.4685520065,107102.9476607093,sus/run_05/best_snakes/generation_185.dna
SUS,5,186,240262.4685520065,104816.7162114073,
SUS,5,187,240262.4685520065,102467.3360734590,
SUS,5,188,240262.4685520065,106373.6051189352,
SUS,5,189,240262.4685520065,97416.5891390264,
SUS,5,190,240262.4685520065,102757.2531309412,sus/run_05/best_snakes/generation_190.dna
TRUNCATION,1,0,40450.7521106880,3355.0469831528,truncation/run_01/best_snakes/generation_000.dna
TRUNCATION,1,1,40450.7521106880,4348.0411713659,
TRUNCATION,1,2,50253.9136581754,6991.9845735387,
TRUNCATION,1,3,50253.9136581754,8406.8734398836,
TRUNCATION,1,4,50253.9136581754,10182.6852802797,
TRUNCATION,1,5,66034.8178370933,11039.9298863500,truncation/run_01/best_snakes/generation_005.dna
TRUNCATION,1,6,66034.8178370933,14136.9487526797,
TRUNCATION,1,7,66034.8178370933,20821.5713182956,
TRUNCATION,1,8,79378.6041721997,23784.8978816735,
TRUNCATION,1,9,79378.6041721997,25492.3819611484,
TRUNCATION,1,10,80360.1488347788,30710.8638855512,truncation/run_01/best_snakes/generation_010.dna
TRUNCATION,1,11,80360.1488347788,29101.1680554987,
TRUNCATION,1,12,80360.1488347788,31607.9228504550,
TRUNCATION,1,13,87478.3335051185,37949.7306239766,
TRUNCATION,1,14,138159.7686392732,37256.7026996064,
TRUNCATION,1,15,138159.7686392732,40196.6536862076,truncation/run_01/best_snakes/generation_015.dna
TRUNCATION,1,16,138159.7686392732,46624.2483977837,
TRUNCATION,1,17,138159.7686392732,44012.0598767588,
TRUNCATION,1,18,138159.7686392732,41941.7645890867,
TRUNCATION,1,19,138159.7686392732,50932.4063927697,
TRUNCATION,1,20,138159.7686392732,47768.4258321085,truncation/run_01/best_snakes/generation_020.dna
TRUNCATION,1,21,138159.7686392732,50356.4905489390,
TRUNCATION,1,22,138159.7686392732,57363.1112221682,
TRUNCATION,1,23,142739.6696129424,59169.2861980062,
TRUNCATION,1,24,167199.0475530781,56840.1005646441,
TRUNCATION,1,25,167199.0475530781,60879.8000694887,truncation/run_01/best_snakes/generation_025.dna
TRUNCATION,1,26,167199.0475530781,62576.9294523528,
TRUNCATION,1,27,188028.7090724422,65689.3118334125,
TRUNCATION,1,28,188028.7090724422,65255.3227507019,
TRUNCATION,1,29,188028.7090724422,73649.4265086036,
TRUNCATION,1,30,188028.7090724422,69959.6883152233,truncation/run_01/best_snakes/generation_030.dna
TRUNCATION,1,31,188028.7090724422,77284.2034037179,
TRUNCATION,1,32,188028.7090724422,77587.8088859753,
TRUNCATION,1,33,216091.9893773403,75645.2869839129,
TRUNCATION,1,34,216091.9893773403,90458.2396068155,
TRUNCATION,1,35,216091.9893773403,83482.0442523655,truncation/run_01/best_snakes/generation_035.dna
TRUNCATION,1,36,216091.9893773403,78041.5490282807,
TRUNCATION,1,37,216091.9893773403,82557.9936255485,
TRUNCATION,1,38,216091.9893773403,84054.5600184863,
TRUNCATION,1,39,216091.9893773403,80671.0059292902,
TRUNCATION,1,40,216091.9893773403,82281.9852178333,truncation/run_01/best_snakes/generation_040.dna
TRUNCATION,1,41,216091.9893773403,78213.1026070493,
TRUNCATION,1,42,216091.9893773403,89434.6242953883,
TRUNCATION,1,43,216091.9893773403,75810.0452386545,
TRUNCATION,1,44,216091.9893773403,73040.4438756343,
TRUNCATION,1,45,216091.9893773403,69022.4117805880,truncation/run_01/best_snakes/generation_045.dna
TRUNCATION,1,46,216091.9893773403,75899.7842976160,
TRUNCATION,1,47,216091.9893773403,74745.3055598607,
TRUNCATION,1,48,216091.9893773403,81387.7652694933,
TRUNCATION,1,49,216091.9893773403,79289.1866285529,
TRUNCATION,1,50,216091.9893773403,71233.0946133153,truncation/run_01/best_snakes/generation_050.dna
TRUNCATION,1,51,216091.9893773403,68324.9290631894,
TRUNCATION,1,52,216091.9893773403,78442.1838107497,
TRUNCATION,1,53,216091.9893773403,79231.2586960499,
TRUNCATION,1,54,216091.9893773403,83938.2496494176,
TRUNCATION,1,55,216091.9893773403,77200.5747190891,truncation/run_01/best_snakes/generation_055.dna
TRUNCATION,1,56,216091.9893773403,84950.3870868054,
TRUNCATION,1,57,216091.9893773403,86561.3115175246,
TRUNCATION,1,58,216091.9893773403,77069.3147376987,
TRUNCATION,1,59,216091.9893773403,85449.7977234492,
TRUNCATION,1,60,216091.9893773403,86759.5876879885,truncation/run_01/best_snakes/generation_060.dna
TRUNCATION,1,61,216091.9893773403,76822.9842157158,
TRUNCATION,1,62,216091.9893773403,89120.7507493620,
TRUNCATION,1,63,216091.9893773403,80564.4416415005,
TRUNCATION,1,64,216091.9893773403,80693.7622523633,
TRUNCATION,1,65,216091.9893773403,89184.2068181049,truncation/run_01/best_snakes/generation_065.dna
TRUNCATION,1,66,216091.9893773403,87994.3348517295,
TRUNCATION,1,67,216091.9893773403,97932.3772213059,
TRUNCATION,1,68,216091.9893773403,90451.5123498814,
TRUNCATION,1,69,216091.9893773403,88650.1939197055,
TRUNCATION,1,70,218218.8288286705,96480.8631646511,truncation/run_01/best_snakes/generation_070.dna
TRUNCATION,1,71,218218.8288286705,101343.7392099207,
TRUNCATION,1,72,218218.8288286705,90850.3117004382,
TRUNCATION,1,73,218218.8288286705,88831.3149129796,
TRUNCATION,1,74,218218.8288286705,83713.0976093041,
TRUNCATION,1,75,218218.8288286705,99159.1632568882,truncation/run_01/best_snakes/generation_075.dna
TRUNCATION,1,76,218218.8288286705,108541.9990315703,
TRUNCATION,1,77,218218.8288286705,90619.8875497943,
TRUNCATION,1,78,218218.8288286705,91833.8734881345,
TRUNCATION,1,79,218218.8288286705,86246.7386004921,
TRUNCATION,1,80,218218.8288286705,85689.4936427767,truncation/run_01/best_snakes/generation_080.dna
TRUNCATION,1,81,218218.8288286705,90175.3137187566,
TRUNCATION,1,82,218218.8288286705,92886.7211821970,
TRUNCATION,1,83,218218.8288286705,98702.6580749587,
TRUNCATION,1,84,218218.8288286705,94980.0970278455,
TRUNCATION,1,85,218218.8288286705,97070.4609718178,truncation/run_01/best_snakes/generation_085.dna
TRUNCATION,1,86,218218.8288286705,97742.5271259350,
TRUNCATION,1,87,218218.8288286705,96299.1860612990,
TRUNCATION,1,88,218218.8288286705,98296.8380359685,
TRUNCATION,1,89,218218.8288286705,98319.0955239590,
TRUNCATION,1,90,223892.3150446451,97723.3988918979,truncation/run_01/best_snakes/generation_090.dna
TRUNCATION,1,91,224912.2305486453,100981.8669440967,
TRUNCATION,1,92,224912.2305486453,88482.7459753549,
TRUNCATION,1,93,224912.2305486453,88457.0387491291,
TRUNCATION,1,94,224912.2305486453,95298.9469291604,
TRUNCATION,1,95,224912.2305486453,89871.6637107795,truncation/run_01/best_snakes/generation_095.dna
TRUNCATION,1,96,224912.2305486453,99333.6406171929,
TRUNCATION,1,97,224912.2305486453,99347.9920260110,
TRUNCATION,1,98,224912.2305486453,99135.9641524252,
TRUNCATION,1,99,224912.2305486453,81390.4732596997,
TRUNCATION,1,100,224912.2305486453,82632.7560228608,truncation/run_01/best_snakes/generation_100.dna
TRUNCATION,1,101,224912.2305486453,84481.8880431438,
TRUNCATION,1,102,224912.2305486453,90229.6549973624,
TRUNCATION,1,103,224912.2305486453,89319.6373006436,
TRUNCATION,1,104,224912.2305486453,96075.5371176051,
TRUNCATION,1,105,224912.2305486453,85214.0841089534,truncation/run_01/best_snakes/generation_105.dna
TRUNCATION,1,106,224912.2305486453,83695.4466282116,
TRUNCATION,1,107,224912.2305486453,95274.7799840907,
TRUNCATION,1,108,224912.2305486453,86791.9160968956,
TRUNCATION,1,109,224912.2305486453,89438.8002605063,
TRUNCATION,1,110,224912.2305486453,88610.8898193625,truncation/run_01/best_snakes/generation_110.dna
TRUNCATION,1,111,224912.2305486453,85807.0071133970,
TRUNCATION,1,112,224912.2305486453,88645.4952166312,
TRUNCATION,1,113,224912.2305486453,89959.6974395530,
TRUNCATION,1,114,224931.9993675505,85185.6818042468,
TRUNCATION,1,115,224931.9993675505,98119.9639454947,truncation/run_01/best_snakes/generation_115.dna
TRUNCATION,1,116,224931.9993675505,100706.7120756898,
TRUNCATION,1,117,224931.9993675505,99362.5415538161,
TRUNCATION,1,118,224931.9993675505,108361.8103868973,
TRUNCATION,1,119,224931.9993675505,93841.0714565970,
TRUNCATION,1,120,224931.9993675505,88511.1804423369,truncation/run_01/best_snakes/generation_120.dna
TRUNCATION,1,121,224931.9993675505,81441.8344148422,
TRUNCATION,1,122,224931.9993675505,86196.9014872209,
TRUNCATION,1,123,224931.9993675505,83193.2027094051,
TRUNCATION,1,124,224931.9993675505,96256.6455353521,
TRUNCATION,1,125,224931.9993675505,95386.7268229643,truncation/run_01/best_snakes/generation_125.dna
TRUNCATION,1,126,224931.9993675505,89523.8817069009,
TRUNCATION,1,127,224931.9993675505,93578.7823733881,
TRUNCATION,1,128,224931.9993675505,92825.6133475398,
TRUNCATION,1,129,224931.9993675505,90823.7156884567,
TRUNCATION,1,130,224931.9993675505,93840.3932976576,truncation/run_01/best_snakes/generation_130.dna
TRUNCATION,1,131,224931.9993675505,87640.7662367664,
TRUNCATION,2,0,18466.8115149220,2451.4503114480,truncation/run_02/best_snakes/generation_000.dna
TRUNCATION,2,1,18466.8115149220,3181.4015831798,
TRUNCATION,2,2,18466.8115149220,3306.5934804357,
TRUNCATION,2,3,36990.9516763275,5603.3469735445,
TRUNCATION,2,4,36990.9516763275,4706.6578671785,
TRUNCATION,2,5,43563.5369761440,7538.3813011265,truncation/run_02/best_snakes/generation_005.dna
TRUNCATION,2,6,57907.3213908964,8814.4809547687,
TRUNCATION,2,7,57907.3213908964,9685.7340409688,
TRUNCATION,2,8,57907.3213908964,12331.4883337154,
TRUNCATION,2,9,57907.3213908964,12832.3174099402,
TRUNCATION,2,10,57907.3213908964,13604.6622839492,truncation/run_02/best_snakes/generation_010.dna
TRUNCATION,2,11,57907.3213908964,15179.1913373321,
TRUNCATION,2,12,57907.3213908964,19459.4002824168,
TRUNCATION,2,13,57907.3213908964,18969.1057741152,
TRUNCATION,2,14,57907.3213908964,15815.6437689098,
TRUNCATION,2,15,79356.0687054981,21012.9252551319,truncation/run_02/best_snakes/generation_015.dna
TRUNCATION,2,16,79356.0687054981,18833.1282525196,
TRUNCATION,2,17,79356.0687054981,18465.5617396535,
TRUNCATION,2,18,79356.0687054981,22910.9039039693,
TRUNCATION,2,19,79356.0687054981,26447.3368991570,
TRUNCATION,2,20,80628.9683882266,26901.7249011823,truncation/run_02/best_snakes/generation_020.dna
TRUNCATION,2,21,84353.4837393580,30661.3832525696,
TRUNCATION,2,22,84353.4837393580,32580.2561654837,
TRUNCATION,2,23,84353.4837393580,33982.3009389283,
TRUNCATION,2,24,84353.4837393580,37676.1980416448,
TRUNCATION,2,25,84865.6539123110,35473.0379013420,truncation/run_02/best_snakes/generation_025.dna
TRUNCATION,2,26,84865.6539123110,35955.8748990543,
TRUNCATION,2,27,88289.9506503707,36830.1426542465,
TRUNCATION,2,28,88289.9506503707,35240.0486620525,
TRUNCATION,2,29,88289.9506503707,42055.3383680973,
TRUNCATION,2,30,88289.9506503707,40669.8646916483,truncation/run_02/best_snakes/generation_030.dna
TRUNCATION,2,31,106997.4972276228,44209.7589972110,
TRUNCATION,2,32,114447.6083202045,45213.4336487575,
TRUNCATION,2,33,114447.6083202045,46954.7815826526,
TRUNCATION,2,34,114447.6083202045,48087.1006220748,
TRUNCATION,2,35,114447.6083202045,44380.2223098628,truncation/run_02/best_snakes/generation_035.dna
TRUNCATION,2,36,114447.6083202045,51475.1350180434,
TRUNCATION,2,37,118958.3992401179,53694.6351394635,
TRUNCATION,2,38,126708.5301854117,51404.6048671218,
TRUNCATION,2,39,126708.5301854117,52443.4385619002,
TRUNCATION,2,40,126708.5301854117,47629.0774558778,truncation/run_02/best_snakes/generation_040.dna
TRUNCATION,2,41,126708.5301854117,54085.4498220897,
TRUNCATION,2,42,130223.8051687909,54913.3439487074,
TRUNCATION,2,43,130223.8051687909,58548.9482225592,
TRUNCATION,2,44,148076.3707429288,53915.2620303872,
TRUNCATION,2,45,148076.3707429288,55535.5716920428,truncation/run_02/best_snakes/generation_045.dna
TRUNCATION,2,46,148076.3707429288,56381.4389205513,
TRUNCATION,2,47,148076.3707429288,58541.0741247795,
TRUNCATION,2,48,148076.3707429288,62574.4024282326,
TRUNCATION,2,49,152165.0408473630,60933.2542025767,
TRUNCATION,2,50,152165.0408473630,61382.5193608748,truncation/run_02/best_snakes/generation_050.dna
TRUNCATION,2,51,152165.0408473630,65657.9238507039,
TRUNCATION,2,52,152165.0408473630,76326.1643531649,
TRUNCATION,2,53,161090.7044181393,68862.7363198413,
TRUNCATION,2,54,161090.7044181393,75969.2120196009,
TRUNCATION,2,55,161090.7044181393,69259.3676381738,truncation/run_02/best_snakes/generation_055.dna
TRUNCATION,2,56,161090.7044181393,68546.7807219885,
TRUNCATION,2,57,161090.7044181393,71718.7679948222,
TRUNCATION,2,58,161090.7044181393,69103.4738003823,
TRUNCATION,2,59,161090.7044181393,70008.4743892692,
TRUNCATION,2,60,161090.7044181393,73247.3898474340,truncation/run_02/best_snakes/generation_060.dna
TRUNCATION,2,61,162923.5659460424,78177.3428924867,
TRUNCATION,2,62,174696.2234473922,73501.1421367046,
TRUNCATION,2,63,201923.8657111144,79809.7690383829,
TRUNCATION,2,64,201923.8657111144,72938.8951463714,
TRUNCATION,2,65,201923.8657111144,77007.6292097431,truncation/run_02/best_snakes/generation_065.dna
TRUNCATION,2,66,201923.8657111144,82552.1528005966,
TRUNCATION,2,67,201923.8657111144,78239.6357082791,
TRUNCATION,2,68,201923.8657111144,77447.7534582931,
TRUNCATION,2,69,201923.8657111144,73951.0483127202,
TRUNCATION,2,70,201923.8657111144,70106.6008091967,truncation/run_02/best_snakes/generation_070.dna
TRUNCATION,2,71,201923.8657111144,81634.6457817883,
TRUNCATION,2,72,201923.8657111144,70941.9608219056,
TRUNCATION,2,73,201923.8657111144,75858.4782162031,
TRUNCATION,2,74,201923.8657111144,78201.2070804681,
TRUNCATION,2,75,207605.8415636527,73127.4832858705,truncation/run_02/best_snakes/generation_075.dna
TRUNCATION,2,76,207605.8415636527,77583.9451728749,
TRUNCATION,2,77,211600.2799312095,74892.3676073548,
TRUNCATION,2,78,211600.2799312095,89970.2728536580,
TRUNCATION,2,79,211600.2799312095,76439.4256675884,
TRUNCATION,2,80,211600.2799312095,84883.5517360317,truncation/run_02/best_snakes/generation_080.dna
TRUNCATION,2,81,211600.2799312095,85435.3617315833,
TRUNCATION,2,82,211600.2799312095,82627.0215236012,
TRUNCATION,2,83,211600.2799312095,82141.2535253721,
TRUNCATION,2,84,211600.2799312095,83530.5598239448,
TRUNCATION,2,85,211600.2799312095,80903.4217549871,truncation/run_02/best_snakes/generation_085.dna
TRUNCATION,2,86,211600.2799312095,86312.6279483127,
TRUNCATION,2,87,211600.2799312095,98099.8761097952,
TRUNCATION,2,88,211600.2799312095,89351.7236054197,
TRUNCATION,2,89,211600.2799312095,88845.7989323507,
TRUNCATION,2,90,211600.2799312095,80083.2686351520,truncation/run_02/best_snakes/generation_090.dna
TRUNCATION,2,91,211600.2799312095,80091.9102365725,
TRUNCATION,2,92,211600.2799312095,78164.5888633035,
TRUNCATION,2,93,211600.2799312095,85146.9749874167,
TRUNCATION,2,94,211600.2799312095,79875.0934474670,
TRUNCATION,2,95,211600.2799312095,80979.6471766318,truncation/run_02/best_snakes/generation_095.dna
TRUNCATION,2,96,211600.2799312095,79748.4409993462,
TRUNCATION,2,97,211600.2799312095,81789.9619088277,
TRUNCATION,2,98,211600.2799312095,75360.3819729532,
TRUNCATION,2,99,211600.2799312095,77530.1553030637,
TRUNCATION,2,100,211600.2799312095,82613.4877935168,truncation/run_02/best_snakes/generation_100.dna
TRUNCATION,2,101,211600.2799312095,92641.1715879939,
TRUNCATION,2,102,211600.2799312095,96362.7036339057,
TRUNCATION,2,103,211600.2799312095,98801.6620737715,
TRUNCATION,2,104,211600.2799312095,89782.3120687522,
TRUNCATION,2,105,211600.2799312095,80779.1930179709,truncation/run_02/best_snakes/generation_105.dna
TRUNCATION,2,106,211600.2799312095,88923.6126180361,
TRUNCATION,2,107,211600.2799312095,92991.3452006773,
TRUNCATION,2,108,211600.2799312095,88697.1563930536,
TRUNCATION,2,109,211600.2799312095,81848.4182114642,
TRUNCATION,2,110,211600.2799312095,87345.3433059021,truncation/run_02/best_snakes/generation_110.dna
TRUNCATION,2,111,211600.2799312095,92957.0277719957,
TRUNCATION,2,112,211600.2799312095,89459.9241430517,
TRUNCATION,2,113,211600.2799312095,92691.6167561121,
TRUNCATION,2,114,211600.2799312095,86817.3144310541,
TRUNCATION,2,115,211600.2799312095,95182.9098396965,truncation/run_02/best_snakes/generation_115.dna
TRUNCATION,2,116,223893.1983871152,90264.8528531869,
TRUNCATION,2,117,223893.1983871152,98634.9345705926,
TRUNCATION,2,118,223893.1983871152,92361.3707510336,
TRUNCATION,2,119,223893.1983871152,89857.8531917504,
TRUNCATION,2,120,223893.1983871152,83502.1848687200,truncation/run_02/best_snakes/generation_120.dna
TRUNCATION,2,121,223893.1983871152,94986.5940851817,
TRUNCATION,2,122,223893.1983871152,91790.2234711906,
TRUNCATION,2,123,223893.1983871152,82688.8091082481,
TRUNCATION,2,124,223893.1983871152,86789.6200827274,
TRUNCATION,2,125,223893.1983871152,82433.6986530483,truncation/run_02/best_snakes/generation_125.dna
TRUNCATION,2,126,230962.8026194342,105536.2814058095,
TRUNCATION,2,127,230962.8026194342,94672.0218681979,
TRUNCATION,2,128,230962.8026194342,89585.5907543137,
TRUNCATION,2,129,230962.8026194342,92442.6671314537,
TRUNCATION,2,130,230962.8026194342,91397.8627860466,truncation/run_02/best_snakes/generation_130.dna
TRUNCATION,2,131,233136.6619074286,100674.9559969464,
TRUNCATION,2,132,233136.6619074286,86968.8779189194,
TRUNCATION,2,133,233136.6619074286,90247.6828826690,
TRUNCATION,2,134,233136.6619074286,97343.7589526320,
TRUNCATION,2,135,233136.6619074286,95885.3563926662,truncation/run_02/best_snakes/generation_135.dna
TRUNCATION,2,136,254442.1544705699,110289.0547186318,
TRUNCATION,2,137,254442.1544705699,96985.0254577166,
TRUNCATION,2,138,254442.1544705699,99692.5775698436,
TRUNCATION,2,139,254442.1544705699,90079.6010979105,
TRUNCATION,2,140,254442.1544705699,111370.6659220198,truncation/run_02/best_snakes/generation_140.dna
TRUNCATION,2,141,254442.1544705699,104537.8632760758,
TRUNCATION,2,142,254442.1544705699,105951.0252045747,
TRUNCATION,2,143,254442.1544705699,106267.4558181763,
TRUNCATION,2,144,254442.1544705699,112783.9697843456,
TRUNCATION,2,145,254442.1544705699,106203.2428755147,truncation/run_02/best_snakes/generation_145.dna
TRUNCATION,2,146,254442.1544705699,102658.6280298610,
TRUNCATION,2,147,254442.1544705699,110593.6417093169,
TRUNCATION,2,148,254442.1544705699,113649.0939773248,
TRUNCATION,2,149,263458.5253574566,115947.2832479944,
TRUNCATION,2,150,263458.5253574566,106200.2552014887,truncation/run_02/best_snakes/generation_150.dna
TRUNCATION,2,151,263458.5253574566,91842.6258211038,
TRUNCATION,2,152,263458.5253574566,99563.7068905308,
TRUNCATION,2,153,263458.5253574566,112011.6067170628,
TRUNCATION,2,154,263458.5253574566,108488.1361628412,
TRUNCATION,2,155,263458.5253574566,103442.1005384877,truncation/run_02/best_snakes/generation_155.dna
TRUNCATION,2,156,263458.5253574566,103658.6332959324,
TRUNCATION,2,157,263458.5253574566,108262.8556062915,
TRUNCATION,2,158,263458.5253574566,95965.7275341474,
TRUNCATION,2,159,263458.5253574566,108109.7534907618,
TRUNCATION,2,160,263458.5253574566,117354.3208433067,truncation/run_02/best_snakes/generation_160.dna
TRUNCATION,2,161,263458.5253574566,109056.8158875611,
TRUNCATION,2,162,263458.5253574566,106063.8626487846,
TRUNCATION,2,163,263458.5253574566,108419.3316698941,
TRUNCATION,2,164,263458.5253574566,105129.4167299153,
TRUNCATION,2,165,263458.5253574566,101376.4725100256,truncation/run_02/best_snakes/generation_165.dna
TRUNCATION,2,166,263458.5253574566,101052.3549939426,
TRUNCATION,2,167,263458.5253574566,107788.3089104073,
TRUNCATION,2,168,263458.5253574566,108977.7428921167,
TRUNCATION,2,169,263458.5253574566,114641.9067081401,
TRUNCATION,2,170,263458.5253574566,111104.0173647547,truncation/run_02/best_snakes/generation_170.dna
TRUNCATION,2,171,263458.5253574566,108927.8955201027,
TRUNCATION,2,172,263458.5253574566,93733.8130942118,
TRUNCATION,2,173,263458.5253574566,110312.3049739729,
TRUNCATION,2,174,263458.5253574566,102973.0499978254,
TRUNCATION,2,175,263458.5253574566,101631.2820966367,truncation/run_02/best_snakes/generation_175.dna
TRUNCATION,2,176,263458.5253574566,108867.0340191726,
TRUNCATION,2,177,263458.5253574566,113228.1815101732,
TRUNCATION,2,178,263458.5253574566,113423.1779480898,
TRUNCATION,2,179,263458.5253574566,116360.1875626121,
TRUNCATION,2,180,263458.5253574566,99180.6619349893,truncation/run_02/best_snakes/generation_180.dna
TRUNCATION,2,181,263458.5253574566,121268.0470027476,
TRUNCATION,2,182,263458.5253574566,103621.5649907172,
TRUNCATION,2,183,263458.5253574566,109289.1136130101,
TRUNCATION,2,184,263458.5253574566,98161.9378093724,
TRUNCATION,2,185,263458.5253574566,111225.5836306780,truncation/run_02/best_snakes/generation_185.dna
TRUNCATION,2,186,263458.5253574566,113538.7899898647,
TRUNCATION,2,187,263458.5253574566,117592.7756689999,
TRUNCATION,2,188,263458.5253574566,114733.4353459285,
TRUNCATION,2,189,263458.5253574566,102772.6811203478,
TRUNCATION,3,0,20916.0475185729,2441.2506746522,truncation/run_03/best_snakes/generation_000.dna
TRUNCATION,3,1,32996.4966327969,3693.4777664304,
TRUNCATION,3,2,32996.4966327969,4838.0905035485,
TRUNCATION,3,3,32996.4966327969,4906.5422200812,
TRUNCATION,3,4,32996.4966327969,5589.5365127750,
TRUNCATION,3,5,32996.4966327969,7386.7026544924,truncation/run_03/best_snakes/generation_005.dna
TRUNCATION,3,6,39969.8356562921,10381.3098615020,
TRUNCATION,3,7,61968.0340672828,12021.1131497351,
TRUNCATION,3,8,61968.0340672828,18368.4173368120,
TRUNCATION,3,9,66763.3236525361,22672.5805382764,
TRUNCATION,3,10,66763.3236525361,22855.7814048832,truncation/run_03/best_snakes/generation_010.dna
TRUNCATION,3,11,84040.1685470056,27847.5135436570,
TRUNCATION,3,12,84040.1685470056,25932.6086587179,
TRUNCATION,3,13,102984.4077160437,32198.2741769802,
TRUNCATION,3,14,102984.4077160437,30739.1248404807,
TRUNCATION,3,15,102984.4077160437,37182.6036638240,truncation/run_03/best_snakes/generation_015.dna
TRUNCATION,3,16,102984.4077160437,38082.2650587474,
TRUNCATION,3,17,102984.4077160437,37655.9970430331,
TRUNCATION,3,18,102984.4077160437,40327.6148246118,
TRUNCATION,3,19,102984.4077160437,42674.4750227446,
TRUNCATION,3,20,102984.4077160437,44942.2822782035,truncation/run_03/best_snakes/generation_020.dna
TRUNCATION,3,21,122144.0145547959,45404.9576650109,
TRUNCATION,3,22,122144.0145547959,44065.0768192219,
TRUNCATION,3,23,122144.0145547959,45472.9214088434,
TRUNCATION,3,24,122144.0145547959,43319.8021901026,
TRUNCATION,3,25,122144.0145547959,47415.6809151368,truncation/run_03/best_snakes/generation_025.dna
TRUNCATION,3,26,122144.0145547959,43431.0964893695,
TRUNCATION,3,27,122144.0145547959,48255.5531177233,
TRUNCATION,3,28,122144.0145547959,48585.0834520511,
TRUNCATION,3,29,122144.0145547959,52591.4371190087,
TRUNCATION,3,30,136135.5454223624,58406.7961106648,truncation/run_03/best_snakes/generation_030.dna
TRUNCATION,3,31,136135.5454223624,63988.1240332333,
TRUNCATION,3,32,136135.5454223624,69637.1029940453,
TRUNCATION,3,33,136135.5454223624,59285.7407711035,
TRUNCATION,3,34,137777.7440649490,65095.0029950726,
TRUNCATION,3,35,137777.7440649490,64834.4837975904,truncation/run_03/best_snakes/generation_035.dna
TRUNCATION,3,36,154511.3239831887,70522.9369274368,
TRUNCATION,3,37,154511.3239831887,80680.8880063925,
TRUNCATION,3,38,154511.3239831887,76848.3924178969,
TRUNCATION,3,39,185460.5314423986,79878.1264715663,
TRUNCATION,3,40,185460.5314423986,82263.7292214170,truncation/run_03/best_snakes/generation_040.dna
TRUNCATION,3,41,185460.5314423986,84794.4836398938,
TRUNCATION,3,42,185460.5314423986,77698.2417994304,
TRUNCATION,3,43,187225.6104993191,93444.1949681791,
TRUNCATION,3,44,187225.6104993191,80653.7348716985,
TRUNCATION,3,45,187225.6104993191,71896.0199188473,truncation/run_03/best_snakes/generation_045.dna
TRUNCATION,3,46,187225.6104993191,82557.3321196917,
TRUNCATION,3,47,187225.6104993191,82332.6597697705,
TRUNCATION,3,48,187225.6104993191,86550.4893844041,
TRUNCATION,3,49,187225.6104993191,95040.6922331715,
TRUNCATION,3,50,187225.6104993191,87160.9666901433,truncation/run_03/best_snakes/generation_050.dna
TRUNCATION,3,51,187225.6104993191,88579.1433449153,
TRUNCATION,3,52,187225.6104993191,86362.4046168817,
TRUNCATION,3,53,187225.6104993191,92605.2015950630,
TRUNCATION,3,54,187225.6104993191,94742.8669868342,
TRUNCATION,3,55,211559.6460140725,94547.6302877258,truncation/run_03/best_snakes/generation_055.dna
TRUNCATION,3,56,211559.6460140725,98304.9779847497,
TRUNCATION,3,57,211559.6460140725,94564.6774979977,
TRUNCATION,3,58,211559.6460140725,96219.4965674810,
TRUNCATION,3,59,211559.6460140725,100549.8462521070,
TRUNCATION,3,60,211559.6460140725,107373.7039281636,truncation/run_03/best_snakes/generation_060.dna
TRUNCATION,3,61,211559.6460140725,96813.6034239485,
TRUNCATION,3,62,211559.6460140725,95613.7161930352,
TRUNCATION,3,63,211559.6460140725,88518.6101940275,
TRUNCATION,3,64,234906.6054914821,107806.9779691601,
TRUNCATION,3,65,234906.6054914821,106339.8013574972,truncation/run_03/best_snakes/generation_065.dna
TRUNCATION,3,66,234906.6054914821,109771.4864149968,
TRUNCATION,3,67,234906.6054914821,109033.1248653955,
TRUNCATION,3,68,234906.6054914821,118502.5678777216,
TRUNCATION,3,69,234906.6054914821,114187.7671003768,
TRUNCATION,3,70,234906.6054914821,125374.7950275215,truncation/run_03/best_snakes/generation_070.dna
TRUNCATION,3,71,234906.6054914821,112392.9074260731,
TRUNCATION,3,72,248636.2934511284,105566.4279226565,
TRUNCATION,3,73,248636.2934511284,116099.1094509479,
TRUNCATION,3,74,248636.2934511284,117913.6828203717,
TRUNCATION,3,75,248636.2934511284,115540.9913160426,truncation/run_03/best_snakes/generation_075.dna
TRUNCATION,3,76,248636.2934511284,121447.6119499732,
TRUNCATION,3,77,248636.2934511284,125094.8236467968,
TRUNCATION,3,78,279355.2443649668,120950.8805028041,
TRUNCATION,3,79,279355.2443649668,126726.3401070750,
TRUNCATION,3,80,279355.2443649668,117995.7683936651,truncation/run_03/best_snakes/generation_080.dna
TRUNCATION,3,81,279355.2443649668,126586.8828769157,
TRUNCATION,3,82,279355.2443649668,106181.6838308270,
TRUNCATION,3,83,279355.2443649668,121838.7602701666,
TRUNCATION,3,84,279355.2443649668,130675.2018730985,
TRUNCATION,3,85,279355.2443649668,118399.8619174593,truncation/run_03/best_snakes/generation_085.dna
TRUNCATION,3,86,279355.2443649668,119608.8062044746,
TRUNCATION,3,87,279355.2443649668,119635.2046971390,
TRUNCATION,3,88,279355.2443649668,138049.0113284851,
TRUNCATION,3,89,279355.2443649668,120906.7379294899,
TRUNCATION,3,90,279355.2443649668,124219.0172310079,truncation/run_03/best_snakes/generation_090.dna
TRUNCATION,3,91,279355.2443649668,134627.3306932951,
TRUNCATION,3,92,279355.2443649668,134441.3362113550,
TRUNCATION,3,93,279355.2443649668,125987.5505253504,
TRUNCATION,3,94,279355.2443649668,126492.9983519631,
TRUNCATION,3,95,279355.2443649668,120519.7707012502,truncation/run_03/best_snakes/generation_095.dna
TRUNCATION,3,96,279355.2443649668,118593.7179719723,
TRUNCATION,3,97,279355.2443649668,122647.9783934325,
TRUNCATION,3,98,279355.2443649668,110896.3788525330,
TRUNCATION,3,99,279355.2443649668,124759.4466987317,
TRUNCATION,3,100,279355.2443649668,118467.7202549572,truncation/run_03/best_snakes/generation_100.dna
TRUNCATION,3,101,279355.2443649668,104603.8987555924,
TRUNCATION,3,102,279355.2443649668,120506.6130930365,
TRUNCATION,3,103,279355.2443649668,102145.2180228125,
TRUNCATION,3,104,279355.2443649668,133183.4317632815,
TRUNCATION,3,105,279355.2443649668,135647.2735827502,truncation/run_03/best_snakes/generation_105.dna
TRUNCATION,3,106,279355.2443649668,128533.9273819172,
TRUNCATION,3,107,279355.2443649668,120917.6928601004,
TRUNCATION,3,108,279355.2443649668,123984.4768148581,
TRUNCATION,3,109,279355.2443649668,129704.4004389291,
TRUNCATION,3,110,279355.2443649668,129340.2000010707,truncation/run_03/best_snakes/generation_110.dna
TRUNCATION,3,111,279355.2443649668,131428.6516546820,
TRUNCATION,3,112,279355.2443649668,125031.0558215490,
TRUNCATION,3,113,279355.2443649668,124768.8381765107,
TRUNCATION,3,114,279355.2443649668,132800.0995967806,
TRUNCATION,3,115,279355.2443649668,141419.6421430787,truncation/run_03/best_snakes/generation_115.dna
TRUNCATION,3,116,279355.2443649668,127890.5498222858,
TRUNCATION,3,117,279355.2443649668,130340.8953943602,
TRUNCATION,3,118,279355.2443649668,134737.5121535957,
TRUNCATION,4,0,7393.6317989464,1531.6032436002,truncation/run_04/best_snakes/generation_000.dna
TRUNCATION,4,1,16556.7969751576,2556.1228755675,
TRUNCATION,4,2,20761.2403252588,3528.2553027622,
TRUNCATION,4,3,22659.0188452401,3402.3033052949,
TRUNCATION,4,4,22659.0188452401,3962.7105439830,
TRUNCATION,4,5,42525.6643039722,5775.5158889645,truncation/run_04/best_snakes/generation_005.dna
TRUNCATION,4,6,42525.6643039722,5980.9191929977,
TRUNCATION,4,7,57091.8305742099,6987.1920007106,
TRUNCATION,4,8,57091.8305742099,8317.8974222628,
TRUNCATION,4,9,57091.8305742099,11839.6061197601,
TRUNCATION,4,10,61877.5431082328,14955.4919144323,truncation/run_04/best_snakes/generation_010.dna
TRUNCATION,4,11,61877.5431082328,17210.9216305598,
TRUNCATION,4,12,66005.6451935395,26115.8759757614,
TRUNCATION,4,13,70182.6881905877,33106.5023064919,
TRUNCATION,4,14,87344.7463197108,35143.0585543998,
TRUNCATION,4,15,124686.1464929531,35429.6720396299,truncation/run_04/best_snakes/generation_015.dna
TRUNCATION,4,16,124686.1464929531,38822.4389147152,
TRUNCATION,4,17,124686.1464929531,43571.6742293779,
TRUNCATION,4,18,124686.1464929531,37961.6477833159,
TRUNCATION,4,19,124686.1464929531,39887.8872090785,
TRUNCATION,4,20,124686.1464929531,40717.9481476926,truncation/run_04/best_snakes/generation_020.dna
TRUNCATION,4,21,124686.1464929531,44010.6854439421,
TRUNCATION,4,22,124866.2881801512,49368.1127881000,
TRUNCATION,4,23,130790.1269573160,46740.7929697918,
TRUNCATION,4,24,130790.1269573160,49522.4934410351,
TRUNCATION,4,25,130790.1269573160,54565.8327941308,truncation/run_04/best_snakes/generation_025.dna
TRUNCATION,4,26,130790.1269573160,54799.9777485457,
TRUNCATION,4,27,130790.1269573160,52351.6824542923,
TRUNCATION,4,28,130790.1269573160,49235.6813715968,
TRUNCATION,4,29,130790.1269573160,64669.9511777361,
TRUNCATION,4,30,148385.0541363162,56210.3421761742,truncation/run_04/best_snakes/generation_030.dna
TRUNCATION,4,31,148385.0541363162,56990.6770637987,
TRUNCATION,4,32,148385.0541363162,62817.4108816356,
TRUNCATION,4,33,148385.0541363162,70809.3819910401,
TRUNCATION,4,34,167130.2647247515,72967.8300636911,
TRUNCATION,4,35,167142.0122474917,68469.2615761253,truncation/run_04/best_snakes/generation_035.dna
TRUNCATION,4,36,167142.0122474917,74299.7776186608,
TRUNCATION,4,37,167142.0122474917,74668.8998064942,
TRUNCATION,4,38,167142.0122474917,70008.3560300289,
TRUNCATION,4,39,167142.0122474917,78556.5056091437,
TRUNCATION,4,40,167142.0122474917,79451.6086811887,truncation/run_04/best_snakes/generation_040.dna
TRUNCATION,4,41,167142.0122474917,67781.1250286845,
TRUNCATION,4,42,167142.0122474917,79798.5253915804,
TRUNCATION,4,43,167239.4939042660,78275.7431160296,
TRUNCATION,4,44,167239.4939042660,82876.8460027212,
TRUNCATION,4,45,173786.7968489697,87558.2746467799,truncation/run_04/best_snakes/generation_045.dna
TRUNCATION,4,46,181940.1793550552,81953.9054493265,
TRUNCATION,4,47,181940.1793550552,67556.9884780302,
TRUNCATION,4,48,181940.1793550552,85617.2188992741,
TRUNCATION,4,49,188284.6876028807,82498.3757543543,
TRUNCATION,4,50,188284.6876028807,77891.1669179321,truncation/run_04/best_snakes/generation_050.dna
TRUNCATION,4,51,188284.6876028807,71869.7461697723,
TRUNCATION,4,52,188284.6876028807,88695.7178543265,
TRUNCATION,4,53,188284.6876028807,90312.0297274251,
TRUNCATION,4,54,188284.6876028807,90774.7040735364,
TRUNCATION,4,55,188284.6876028807,95939.0388926921,truncation/run_04/best_snakes/generation_055.dna
TRUNCATION,4,56,188284.6876028807,82475.0175838781,
TRUNCATION,4,57,188284.6876028807,81119.9815279808,
TRUNCATION,4,58,209211.7933324751,80147.6149937196,
TRUNCATION,4,59,209211.7933324751,85567.9056963598,
TRUNCATION,4,60,209211.7933324751,92491.8141773747,truncation/run_04/best_snakes/generation_060.dna
TRUNCATION,4,61,209211.7933324751,89773.8700743518,
TRUNCATION,4,62,209211.7933324751,88010.2154126631,
TRUNCATION,4,63,209211.7933324751,89117.9299513510,
TRUNCATION,4,64,209211.7933324751,85948.6818423909,
TRUNCATION,4,65,209211.7933324751,84259.4677641626,truncation/run_04/best_snakes/generation_065.dna
TRUNCATION,4,66,209211.7933324751,88650.0831731860,
TRUNCATION,4,67,209211.7933324751,87181.1655577875,
TRUNCATION,4,68,209211.7933324751,90248.8759097340,
TRUNCATION,4,69,209211.7933324751,89539.5773335482,
TRUNCATION,4,70,209211.7933324751,89210.9742110649,truncation/run_04/best_snakes/generation_070.dna
TRUNCATION,4,71,209211.7933324751,89302.3950469621,
TRUNCATION,4,72,209211.7933324751,89128.7210439505,
TRUNCATION,4,73,209211.7933324751,82824.3324490949,
TRUNCATION,4,74,209211.7933324751,84243.0796868575,
TRUNCATION,4,75,209211.7933324751,84707.5935095365,truncation/run_04/best_snakes/generation_075.dna
TRUNCATION,4,76,209211.7933324751,81004.0525323324,
TRUNCATION,4,77,209211.7933324751,87637.8478161092,
TRUNCATION,4,78,209211.7933324751,91811.6714214637,
TRUNCATION,4,79,209211.7933324751,80810.4516984770,
TRUNCATION,4,80,231917.4718075502,78353.1019525754,truncation/run_04/best_snakes/generation_080.dna
TRUNCATION,4,81,231917.4718075502,91376.1267617462,
TRUNCATION,4,82,231917.4718075502,88150.6067457704,
TRUNCATION,4,83,231917.4718075502,69749.4246507347,
TRUNCATION,4,84,231917.4718075502,88513.4922732036,
TRUNCATION,4,85,231917.4718075502,82622.6225770015,truncation/run_04/best_snakes/generation_085.dna
TRUNCATION,4,86,231917.4718075502,85083.1983398055,
TRUNCATION,4,87,231917.4718075502,80480.9139808129,
TRUNCATION,4,88,231917.4718075502,82193.4228196808,
TRUNCATION,4,89,231917.4718075502,81641.7925639221,
TRUNCATION,4,90,231917.4718075502,83356.7058626091,truncation/run_04/best_snakes/generation_090.dna
TRUNCATION,4,91,231917.4718075502,89714.8307581036,
TRUNCATION,4,92,231917.4718075502,86438.1879117147,
TRUNCATION,4,93,231917.4718075502,86448.7489574688,
TRUNCATION,4,94,231917.4718075502,88266.0056715411,
TRUNCATION,4,95,231917.4718075502,88957.0689079846,truncation/run_04/best_snakes/generation_095.dna
TRUNCATION,4,96,231917.4718075502,85146.2934869782,
TRUNCATION,4,97,231917.4718075502,90166.4942639224,
TRUNCATION,4,98,231917.4718075502,87014.8535331473,
TRUNCATION,4,99,231917.4718075502,92674.2147997043,
TRUNCATION,4,100,231917.4718075502,90884.3869022038,truncation/run_04/best_snakes/generation_100.dna
TRUNCATION,4,101,231917.4718075502,79821.4302832816,
TRUNCATION,4,102,231917.4718075502,88092.9226613092,
TRUNCATION,4,103,231917.4718075502,90964.4231545915,
TRUNCATION,4,104,231917.4718075502,94937.2746518917,
TRUNCATION,4,105,231917.4718075502,98105.9557318073,truncation/run_04/best_snakes/generation_105.dna
TRUNCATION,4,106,231917.4718075502,92248.8569654569,
TRUNCATION,4,107,231917.4718075502,104502.2990305401,
TRUNCATION,4,108,231917.4718075502,94295.3848177826,
TRUNCATION,4,109,231917.4718075502,91702.0275413412,
TRUNCATION,4,110,231917.4718075502,94905.3731562569,truncation/run_04/best_snakes/generation_110.dna
TRUNCATION,4,111,231917.4718075502,87559.7790623535,
TRUNCATION,4,112,231917.4718075502,88951.4324571927,
TRUNCATION,4,113,231917.4718075502,96702.0755846291,
TRUNCATION,4,114,231917.4718075502,86451.3444293758,
TRUNCATION,4,115,231917.4718075502,87564.2526840315,truncation/run_04/best_snakes/generation_115.dna
TRUNCATION,4,116,231917.4718075502,96705.6801811465,
TRUNCATION,4,117,231917.4718075502,99268.2507190914,
TRUNCATION,4,118,231917.4718075502,102614.3511857254,
TRUNCATION,4,119,231917.4718075502,101974.6066329518,
TRUNCATION,4,120,231917.4718075502,96704.0204903593,truncation/run_04/best_snakes/generation_120.dna
TRUNCATION,5,0,11493.1618253475,1958.8872492635,truncation/run_05/best_snakes/generation_000.dna
TRUNCATION,5,1,33937.4389548908,3929.2826351004,
TRUNCATION,5,2,33937.4389548908,4459.8761747991,
TRUNCATION,5,3,34769.3048527887,5696.7938173365,
TRUNCATION,5,4,34769.3048527887,6835.3416130897,
TRUNCATION,5,5,36645.5619934688,9381.7859732533,truncation/run_05/best_snakes/generation_005.dna
TRUNCATION,5,6,41469.9319775920,12448.9040395981,
TRUNCATION,5,7,58971.9635329325,13665.5276223488,
TRUNCATION,5,8,58971.9635329325,19853.8124708447,
TRUNCATION,5,9,61751.4328545757,23530.0579240852,
TRUNCATION,5,10,61751.4328545757,21870.1720979614,truncation/run_05/best_snakes/generation_010.dna
TRUNCATION,5,11,83714.9378637832,24626.1931113320,
TRUNCATION,5,12,83714.9378637832,26133.9986548503,
TRUNCATION,5,13,83714.9378637832,27140.7459421237,
TRUNCATION,5,14,83714.9378637832,26503.7958542688,
TRUNCATION,5,15,83714.9378637832,33244.8340901189,truncation/run_05/best_snakes/generation_015.dna
TRUNCATION,5,16,83714.9378637832,29553.7684975905,
TRUNCATION,5,17,89659.3347476148,32395.9197539551,
TRUNCATION,5,18,104016.2488142674,35103.7130245076,
TRUNCATION,5,19,104016.2488142674,33396.3964923175,
TRUNCATION,5,20,104016.2488142674,36962.6845800480,truncation/run_05/best_snakes/generation_020.dna
TRUNCATION,5,21,104016.2488142674,40190.0179709894,
TRUNCATION,5,22,104016.2488142674,40510.5703477553,
TRUNCATION,5,23,124443.6851366389,47358.3787736707,
TRUNCATION,5,24,124443.6851366389,50525.1642047543,
TRUNCATION,5,25,130829.4139396061,53172.1344476504,truncation/run_05/best_snakes/generation_025.dna
TRUNCATION,5,26,130829.4139396061,57007.2690581431,
TRUNCATION,5,27,136255.0735532433,62359.8310761330,
TRUNCATION,5,28,155882.4042995013,67696.4050370768,
TRUNCATION,5,29,155882.4042995013,62301.5616356164,
TRUNCATION,5,30,181963.6515823880,71323.6263178303,truncation/run_05/best_snakes/generation_030.dna
TRUNCATION,5,31,181963.6515823880,72022.6264144683,
TRUNCATION,5,32,181963.6515823880,75095.5008958281,
TRUNCATION,5,33,181963.6515823880,71113.3870629968,
TRUNCATION,5,34,181963.6515823880,76192.7845991918,
TRUNCATION,5,35,181963.6515823880,71475.2208427115,truncation/run_05/best_snakes/generation_035.dna
TRUNCATION,5,36,181963.6515823880,69735.3508378405,
TRUNCATION,5,37,181963.6515823880,74479.0923313672,
TRUNCATION,5,38,181963.6515823880,75877.7734950465,
TRUNCATION,5,39,181963.6515823880,79661.8053925335,
TRUNCATION,5,40,181963.6515823880,76785.2799181731,truncation/run_05/best_snakes/generation_040.dna
TRUNCATION,5,41,181963.6515823880,73849.1362426696,
TRUNCATION,5,42,181963.6515823880,75262.1776616483,
TRUNCATION,5,43,201719.7940428685,83370.6570353252,
TRUNCATION,5,44,201719.7940428685,76668.1575414235,
TRUNCATION,5,45,201719.7940428685,73379.2576741385,truncation/run_05/best_snakes/generation_045.dna
TRUNCATION,5,46,201719.7940428685,76998.7519840286,
TRUNCATION,5,47,201719.7940428685,79898.2975938779,
TRUNCATION,5,48,201719.7940428685,70224.6246975216,
TRUNCATION,5,49,201719.7940428685,84689.6448385427,
TRUNCATION,5,50,201719.7940428685,83955.8729525956,truncation/run_05/best_snakes/generation_050.dna
TRUNCATION,5,51,201719.7940428685,73883.8981918009,
TRUNCATION,5,52,201719.7940428685,77277.2611689055,
TRUNCATION,5,53,201719.7940428685,79655.9503507136,
TRUNCATION,5,54,201719.7940428685,84169.6913383541,
TRUNCATION,5,55,201719.7940428685,82923.5118823726,truncation/run_05/best_snakes/generation_055.dna
TRUNCATION,5,56,201719.7940428685,78514.2255177592,
TRUNCATION,5,57,201719.7940428685,74855.3096525844,
TRUNCATION,5,58,201719.7940428685,71300.1259302356,
TRUNCATION,5,59,201719.7940428685,68585.9738632679,
TRUNCATION,5,60,201719.7940428685,85235.9795164000,truncation/run_05/best_snakes/generation_060.dna
TRUNCATION,5,61,201719.7940428685,78489.5408643609,
TRUNCATION,5,62,201719.7940428685,79215.0587256915,
TRUNCATION,5,63,201719.7940428685,73653.6001447174,
TRUNCATION,5,64,201719.7940428685,68713.3972744865,
TRUNCATION,5,65,201719.7940428685,70042.5299024771,truncation/run_05/best_snakes/generation_065.dna
TRUNCATION,5,66,201719.7940428685,76632.7158882009,
TRUNCATION,5,67,201719.7940428685,76417.4778657311,
TRUNCATION,5,68,201719.7940428685,78752.1179267299,
TRUNCATION,5,69,201719.7940428685,79654.8103288133,
TRUNCATION,5,70,201719.7940428685,88442.1400014915,truncation/run_05/best_snakes/generation_070.dna
TRUNCATION,5,71,201719.7940428685,78034.9535571611,
TRUNCATION,5,72,201719.7940428685,73284.3116271002,
TRUNCATION,5,73,201719.7940428685,86421.3726582769,
TRUNCATION,5,74,201719.7940428685,83274.5033306044,
TRUNCATION,5,75,201719.7940428685,75633.6390801088,truncation/run_05/best_snakes/generation_075.dna
TRUNCATION,5,76,201719.7940428685,90695.1527732657,
TRUNCATION,5,77,201719.7940428685,84377.8902758800,
TRUNCATION,5,78,201719.7940428685,81177.6057572099,
TRUNCATION,5,79,201719.7940428685,81351.0622761055,
TRUNCATION,5,80,201719.7940428685,79127.6851431385,truncation/run_05/best_snakes/generation_080.dna
TRUNCATION,5,81,201719.7940428685,83081.4612927819,
TRUNCATION,5,82,201719.7940428685,81991.1463910635,
TRUNCATION,5,83,201719.7940428685,82436.2342591634,
SIGMA,1,0,40450.7521106880,3355.0469831528,sigma/run_01/best_snakes/generation_000.dna
SIGMA,1,1,45613.8653549399,5003.3840521210,
SIGMA,1,2,45613.8653549399,5946.7862304315,
SIGMA,1,3,58143.9749356588,9360.3624464960,
SIGMA,1,4,66925.2017393093,12274.1539521331,
SIGMA,1,5,66925.2017393093,13571.8257191580,sigma/run_01/best_snakes/generation_005.dna
SIGMA,1,6,66925.2017393093,14801.1396869320,
SIGMA,1,7,66925.2017393093,17101.7260202281,
SIGMA,1,8,66925.2017393093,17720.6115673427,
SIGMA,1,9,66925.2017393093,22459.9137719979,
SIGMA,1,10,66925.2017393093,22222.4160263851,sigma/run_01/best_snakes/generation_010.dna
SIGMA,1,11,71529.3542408626,26772.4258822189,
SIGMA,1,12,76368.4709663345,25453.1954307150,
SIGMA,1,13,84386.2061198370,24279.3274170179,
SIGMA,1,14,84393.5885269943,26067.9865547390,
SIGMA,1,15,89700.1014773834,29454.5461400193,sigma/run_01/best_snakes/generation_015.dna
SIGMA,1,16,108130.0086790587,31455.5704246505,
SIGMA,1,17,108130.0086790587,30472.1285147292,
SIGMA,1,18,108130.0086790587,32495.4225166147,
SIGMA,1,19,108276.9801053343,40183.3116749849,
SIGMA,1,20,108639.1404481383,38674.6940407014,sigma/run_01/best_snakes/generation_020.dna
SIGMA,1,21,124457.0857545921,42856.6407747514,
SIGMA,1,22,124457.0857545921,47106.4035841211,
SIGMA,1,23,124457.0857545921,44927.1960648889,
SIGMA,1,24,124457.0857545921,48513.0566693207,
SIGMA,1,25,124457.0857545921,47964.3525187883,sigma/run_01/best_snakes/generation_025.dna
SIGMA,1,26,124824.5709036341,46275.2746928938,
SIGMA,1,27,124824.5709036341,45231.6769960911,
SIGMA,1,28,124824.5709036341,47346.8712187127,
SIGMA,1,29,124824.5709036341,51057.1344699859,
SIGMA,1,30,124824.5709036341,48838.0634631528,sigma/run_01/best_snakes/generation_030.dna
SIGMA,1,31,124824.5709036341,49214.1582636476,
SIGMA,1,32,124824.5709036341,47255.4232057858,
SIGMA,1,33,124824.5709036341,53407.9521616017,
SIGMA,1,34,124824.5709036341,52081.0971921987,
SIGMA,1,35,136035.0872635386,59321.1105899220,sigma/run_01/best_snakes/generation_035.dna
SIGMA,1,36,136035.0872635386,50146.4738504730,
SIGMA,1,37,138437.2764565920,54654.5160102967,
SIGMA,1,38,138437.2764565920,52198.5742047748,
SIGMA,1,39,138437.2764565920,61703.1068022342,
SIGMA,1,40,138437.2764565920,54956.0417577669,sigma/run_01/best_snakes/generation_040.dna
SIGMA,1,41,138437.2764565920,51859.3787792658,
SIGMA,1,42,138437.2764565920,56911.0422949441,
SIGMA,1,43,138437.2764565920,57418.1358394949,
SIGMA,1,44,154445.9063272052,60765.8057711370,
SIGMA,1,45,160626.9347452479,65816.0323915371,sigma/run_01/best_snakes/generation_045.dna
SIGMA,1,46,160626.9347452479,62088.2957712557,
SIGMA,1,47,167632.7075846461,61217.7341282094,
SIGMA,1,48,167632.7075846461,71074.9899797275,
SIGMA,1,49,167632.7075846461,72848.5169118209,
SIGMA,1,50,173895.4347503179,71142.2213389433,sigma/run_01/best_snakes/generation_050.dna
SIGMA,1,51,173895.4347503179,82920.7353545875,
SIGMA,1,52,173895.4347503179,79150.5353711705,
SIGMA,1,53,173895.4347503179,78966.3491603545,
SIGMA,1,54,191086.6900031011,88565.5480021887,
SIGMA,1,55,191086.6900031011,91448.2304362047,sigma/run_01/best_snakes/generation_055.dna
SIGMA,1,56,191086.6900031011,94144.6843765674,
SIGMA,1,57,191086.6900031011,96190.5643289125,
SIGMA,1,58,191086.6900031011,96658.6926414554,
SIGMA,1,59,191086.6900031011,98806.9140479756,
SIGMA,1,60,191086.6900031011,103305.3638367039,sigma/run_01/best_snakes/generation_060.dna
SIGMA,1,61,191086.6900031011,102086.2654652885,
SIGMA,1,62,191086.6900031011,102160.5985297218,
SIGMA,1,63,191086.6900031011,98237.2597632385,
SIGMA,1,64,191086.6900031011,100298.7823430219,
SIGMA,1,65,191086.6900031011,97286.1125508787,sigma/run_01/best_snakes/generation_065.dna
SIGMA,1,66,194721.6910734088,97054.0931959906,
SIGMA,1,67,194721.6910734088,107364.4558326689,
SIGMA,1,68,194742.4770220930,97702.6717660405,
SIGMA,1,69,194742.4770220930,103340.8065242064,
SIGMA,1,70,194742.4770220930,105680.1361320654,sigma/run_01/best_snakes/generation_070.dna
SIGMA,1,71,194742.4770220930,94498.4796344315,
SIGMA,1,72,194742.4770220930,94422.1261153681,
SIGMA,1,73,194742.4770220930,88552.9672241909,
SIGMA,1,74,201734.7481793609,99187.8952724776,
SIGMA,1,75,201734.7481793609,93365.2917782837,sigma/run_01/best_snakes/generation_075.dna
SIGMA,1,76,201734.7481793609,96569.1518011515,
SIGMA,1,77,201734.7481793609,96098.1987268647,
SIGMA,1,78,201734.7481793609,103384.0666481061,
SIGMA,1,79,201734.7481793609,96958.1918698100,
SIGMA,1,80,201734.7481793609,95520.6233025217,sigma/run_01/best_snakes/generation_080.dna
SIGMA,1,81,219788.7781547479,99947.2695187014,
SIGMA,1,82,219788.7781547479,95988.1300330756,
SIGMA,1,83,219788.7781547479,89729.6220663239,
SIGMA,1,84,219788.7781547479,92144.5920376963,
SIGMA,1,85,219788.7781547479,93359.6599660956,sigma/run_01/best_snakes/generation_085.dna
SIGMA,1,86,219788.7781547479,100064.1564367460,
SIGMA,1,87,219788.7781547479,99055.0643377988,
SIGMA,1,88,219788.7781547479,96094.8327238144,
SIGMA,1,89,219788.7781547479,104403.5294827971,
SIGMA,1,90,219788.7781547479,101175.8349537732,sigma/run_01/best_snakes/generation_090.dna
SIGMA,1,91,219788.7781547479,99357.6505422022,
SIGMA,1,92,219788.7781547479,97479.9446695859,
SIGMA,1,93,219788.7781547479,96972.0472857439,
SIGMA,1,94,219788.7781547479,99713.0220205857,
SIGMA,1,95,219788.7781547479,92776.0562048610,sigma/run_01/best_snakes/generation_095.dna
SIGMA,1,96,219788.7781547479,96233.2661421359,
SIGMA,1,97,219788.7781547479,85648.6915092542,
SIGMA,1,98,219788.7781547479,85998.6405055699,
SIGMA,1,99,219788.7781547479,90047.1689797506,
SIGMA,1,100,219788.7781547479,93790.0567774430,sigma/run_01/best_snakes/generation_100.dna
SIGMA,1,101,219788.7781547479,89353.7956682256,
SIGMA,1,102,219788.7781547479,87379.1869105551,
SIGMA,1,103,219788.7781547479,93888.4866570762,
SIGMA,1,104,219788.7781547479,96946.1620738264,
SIGMA,1,105,219788.7781547479,91654.1233500650,sigma/run_01/best_snakes/generation_105.dna
SIGMA,1,106,219788.7781547479,89806.8219000281,
SIGMA,1,107,219788.7781547479,100406.4553238596,
SIGMA,1,108,219788.7781547479,87131.8220558486,
SIGMA,1,109,219788.7781547479,90545.0609182797,
SIGMA,1,110,219788.7781547479,86717.6182062932,sigma/run_01/best_snakes/generation_110.dna
SIGMA,1,111,219788.7781547479,99370.4591699113,
SIGMA,1,112,219788.7781547479,89210.0853431195,
SIGMA,1,113,219788.7781547479,93672.6470359624,
SIGMA,1,114,219788.7781547479,97026.1640382160,
SIGMA,1,115,219788.7781547479,87194.4718598105,sigma/run_01/best_snakes/generation_115.dna
SIGMA,1,116,219788.7781547479,95843.9256670082,
SIGMA,1,117,219867.1373975349,84669.5908071481,
SIGMA,1,118,219867.1373975349,87480.5133354188,
SIGMA,1,119,219867.1373975349,97381.3656463417,
SIGMA,1,120,219867.1373975349,98943.7776823124,sigma/run_01/best_snakes/generation_120.dna
SIGMA,1,121,219867.1373975349,81657.7861730173,
SIGMA,2,0,18466.8115149220,2451.4503114480,sigma/run_02/best_snakes/generation_000.dna
SIGMA,2,1,31143.7060909779,3654.7626605495,
SIGMA,2,2,43454.6823424142,5814.0008679264,
SIGMA,2,3,50504.7699064525,6653.5987464837,
SIGMA,2,4,50504.7699064525,8465.3204741185,
SIGMA,2,5,54233.5251187211,15314.1128405048,sigma/run_02/best_snakes/generation_005.dna
SIGMA,2,6,57923.4516785674,16018.8228502119,
SIGMA,2,7,58090.3420811974,19242.1148263031,
SIGMA,2,8,80665.7043544285,19789.3537380231,
SIGMA,2,9,80665.7043544285,22322.3073154751,
SIGMA,2,10,80665.7043544285,21144.5924659618,sigma/run_02/best_snakes/generation_010.dna
SIGMA,2,11,82017.4787085586,26215.6143030467,
SIGMA,2,12,82017.4787085586,25740.7518295846,
SIGMA,2,13,82017.4787085586,25720.2808122977,
SIGMA,2,14,82017.4787085586,28403.9948783485,
SIGMA,2,15,82017.4787085586,26079.3655630530,sigma/run_02/best_snakes/generation_015.dna
SIGMA,2,16,82017.4787085586,22664.7824492020,
SIGMA,2,17,84535.9715250484,24905.7633376312,
SIGMA,2,18,84535.9715250484,27348.8798437201,
SIGMA,2,19,84535.9715250484,23852.2553067261,
SIGMA,2,20,84535.9715250484,26605.9116547591,sigma/run_02/best_snakes/generation_020.dna
SIGMA,2,21,84535.9715250484,30204.1028165893,
SIGMA,2,22,84535.9715250484,29950.7103127549,
SIGMA,2,23,84535.9715250484,29111.8404944017,
SIGMA,2,24,84535.9715250484,30034.8642691920,
SIGMA,2,25,84535.9715250484,29029.5610505026,sigma/run_02/best_snakes/generation_025.dna
SIGMA,2,26,84535.9715250484,28949.9581999552,
SIGMA,2,27,85674.3941186880,31685.5425277105,
SIGMA,2,28,85674.3941186880,30645.3610427642,
SIGMA,2,29,85674.3941186880,30972.8573349633,
SIGMA,2,30,85674.3941186880,31963.7570616682,sigma/run_02/best_snakes/generation_030.dna
SIGMA,2,31,85674.3941186880,31992.3725355768,
SIGMA,2,32,89630.9970235371,34096.2533973435,
SIGMA,2,33,89630.9970235371,32658.7453687251,
SIGMA,2,34,89630.9970235371,28942.4961094354,
SIGMA,2,35,89630.9970235371,30840.8844813529,sigma/run_02/best_snakes/generation_035.dna
SIGMA,2,36,89630.9970235371,26616.8305697217,
SIGMA,2,37,89630.9970235371,34621.5317836502,
SIGMA,2,38,89630.9970235371,27567.5188839348,
SIGMA,2,39,89630.9970235371,27788.2854980678,
SIGMA,2,40,89630.9970235371,27934.3596957781,sigma/run_02/best_snakes/generation_040.dna
SIGMA,2,41,89630.9970235371,34562.1215278397,
SIGMA,2,42,89630.9970235371,32988.8601225362,
SIGMA,2,43,89630.9970235371,33366.5857091491,
SIGMA,2,44,89630.9970235371,35716.4534090167,
SIGMA,2,45,89630.9970235371,32533.1284182423,sigma/run_02/best_snakes/generation_045.dna
SIGMA,2,46,89630.9970235371,32634.0290498064,
SIGMA,2,47,89630.9970235371,30880.8297049942,
SIGMA,2,48,89630.9970235371,31250.9570982703,
SIGMA,2,49,89630.9970235371,37046.7430247094,
SIGMA,2,50,89630.9970235371,27725.2017286337,sigma/run_02/best_snakes/generation_050.dna
SIGMA,2,51,98762.4909322589,27161.0814351363,
SIGMA,2,52,98762.4909322589,31343.3690128690,
SIGMA,2,53,98762.4909322589,30176.2418502685,
SIGMA,2,54,98762.4909322589,33089.2594880452,
SIGMA,2,55,98762.4909322589,29015.7668844722,sigma/run_02/best_snakes/generation_055.dna
SIGMA,2,56,98762.4909322589,31909.6036924203,
SIGMA,2,57,98762.4909322589,34961.9418185009,
SIGMA,2,58,98762.4909322589,34663.3908087463,
SIGMA,2,59,98762.4909322589,32606.5836072295,
SIGMA,2,60,98762.4909322589,32025.7985938268,sigma/run_02/best_snakes/generation_060.dna
SIGMA,2,61,98762.4909322589,36400.2387554173,
SIGMA,2,62,98762.4909322589,27594.6484932500,
SIGMA,2,63,98762.4909322589,31574.5119402135,
SIGMA,2,64,98762.4909322589,32636.2323285888,
SIGMA,2,65,98762.4909322589,33714.4161572974,sigma/run_02/best_snakes/generation_065.dna
SIGMA,2,66,98762.4909322589,38161.4507666489,
SIGMA,2,67,98762.4909322589,35074.0302145062,
SIGMA,2,68,99500.0220881450,37691.8219664431,
SIGMA,2,69,108250.5771574714,36744.5006743331,
SIGMA,2,70,118923.9707776963,42455.4103366087,sigma/run_02/best_snakes/generation_070.dna
SIGMA,2,71,118923.9707776963,48179.2439290341,
SIGMA,2,72,118923.9707776963,53026.0575234824,
SIGMA,2,73,131199.1604147879,56209.5265286936,
SIGMA,2,74,131199.1604147879,56364.5294818147,
SIGMA,2,75,160577.5538200762,58509.8921484136,sigma/run_02/best_snakes/generation_075.dna
SIGMA,2,76,160577.5538200762,66774.7965586483,
SIGMA,2,77,160577.5538200762,67070.9827364394,
SIGMA,2,78,160577.5538200762,66426.9005737427,
SIGMA,2,79,160577.5538200762,61819.5160584154,
SIGMA,2,80,189678.8989999979,71037.4450247366,sigma/run_02/best_snakes/generation_080.dna
SIGMA,2,81,189678.8989999979,63465.0307250892,
SIGMA,2,82,189678.8989999979,60891.4600356741,
SIGMA,2,83,189678.8989999979,66851.6951416401,
SIGMA,2,84,189678.8989999979,66238.0475639931,
SIGMA,2,85,189678.8989999979,65435.2790025385,sigma/run_02/best_snakes/generation_085.dna
SIGMA,2,86,189678.8989999979,68514.5080144765,
SIGMA,2,87,189678.8989999979,62908.1443219160,
SIGMA,2,88,189678.8989999979,64434.9413831071,
SIGMA,2,89,189678.8989999979,71327.4942438657,
SIGMA,2,90,189678.8989999979,72416.6076321859,sigma/run_02/best_snakes/generation_090.dna
SIGMA,2,91,189678.8989999979,69062.7512219072,
SIGMA,2,92,189678.8989999979,61794.6596994789,
SIGMA,2,93,189678.8989999979,62912.2474639546,
SIGMA,2,94,189678.8989999979,59851.6090018726,
SIGMA,2,95,189678.8989999979,67348.8337788687,sigma/run_02/best_snakes/generation_095.dna
SIGMA,2,96,189678.8989999979,69371.2894261680,
SIGMA,2,97,189678.8989999979,68552.3919437225,
SIGMA,2,98,189678.8989999979,67879.2777331947,
SIGMA,2,99,189678.8989999979,70086.1654598781,
SIGMA,2,100,233127.6856635136,72448.3916595635,sigma/run_02/best_snakes/generation_100.dna
SIGMA,2,101,233127.6856635136,66521.4263523041,
SIGMA,2,102,233127.6856635136,63775.6928577478,
SIGMA,2,103,233127.6856635136,64836.3772381446,
SIGMA,2,104,233127.6856635136,70832.3399625513,
SIGMA,2,105,233127.6856635136,74733.6326821616,sigma/run_02/best_snakes/generation_105.dna
SIGMA,2,106,233127.6856635136,73448.1788490663,
SIGMA,2,107,233127.6856635136,78448.0080498739,
SIGMA,2,108,233127.6856635136,70221.4181721853,
SIGMA,2,109,233127.6856635136,62336.8943875269,
SIGMA,2,110,233127.6856635136,64765.2878378413,sigma/run_02/best_snakes/generation_110.dna
SIGMA,2,111,233127.6856635136,62711.4057338574,
SIGMA,2,112,233127.6856635136,65249.1261285119,
SIGMA,2,113,233127.6856635136,68211.3412736176,
SIGMA,2,114,233127.6856635136,67208.0118741107,
SIGMA,2,115,233127.6856635136,70656.0789464967,sigma/run_02/best_snakes/generation_115.dna
SIGMA,2,116,233127.6856635136,62675.3495619666,
SIGMA,2,117,233127.6856635136,73494.3457665269,
SIGMA,2,118,233127.6856635136,70219.5991153834,
SIGMA,2,119,233127.6856635136,64056.8898390981,
SIGMA,2,120,233127.6856635136,66345.4134592089,sigma/run_02/best_snakes/generation_120.dna
SIGMA,2,121,233127.6856635136,61762.0200292770,
SIGMA,2,122,233127.6856635136,60499.7445680706,
SIGMA,2,123,233127.6856635136,71679.3087964492,
SIGMA,2,124,233127.6856635136,65754.2120149212,
SIGMA,2,125,233127.6856635136,70772.0790489023,sigma/run_02/best_snakes/generation_125.dna
SIGMA,2,126,233127.6856635136,63424.7866898256,
SIGMA,2,127,233127.6856635136,66070.7004690433,
SIGMA,2,128,233127.6856635136,66195.5623743981,
SIGMA,2,129,233127.6856635136,62031.7204200429,
SIGMA,2,130,233127.6856635136,69534.6948900777,sigma/run_02/best_snakes/generation_130.dna
SIGMA,2,131,233127.6856635136,63116.5112240918,
SIGMA,2,132,233127.6856635136,68360.1217897058,
SIGMA,2,133,233127.6856635136,63029.7037599398,
SIGMA,2,134,233127.6856635136,61510.7740798774,
SIGMA,2,135,233127.6856635136,65223.0440892213,sigma/run_02/best_snakes/generation_135.dna
SIGMA,2,136,233127.6856635136,61139.8933155349,
SIGMA,2,137,233127.6856635136,74230.5174458418,
SIGMA,2,138,233127.6856635136,60862.6785893349,
SIGMA,2,139,233127.6856635136,63111.3204470562,
SIGMA,2,140,233127.6856635136,66740.8270133660,sigma/run_02/best_snakes/generation_140.dna
SIGMA,3,0,20916.0475185729,2441.2506746522,sigma/run_03/best_snakes/generation_000.dna
SIGMA,3,1,29821.4072434555,4046.4513167463,
SIGMA,3,2,37941.9195999687,5005.0264202122,
SIGMA,3,3,51696.6104280768,8331.4628211063,
SIGMA,3,4,51696.6104280768,10038.6798735617,
SIGMA,3,5,95246.4340133595,15976.4477542332,sigma/run_03/best_snakes/generation_005.dna
SIGMA,3,6,95246.4340133595,15742.2022053289,
SIGMA,3,7,95246.4340133595,19071.1744197065,
SIGMA,3,8,95246.4340133595,20803.2029663573,
SIGMA,3,9,97830.1427925524,24971.8272146157,
SIGMA,3,10,97830.1427925524,28822.7113813826,sigma/run_03/best_snakes/generation_010.dna
SIGMA,3,11,111249.4534855302,30273.4119026921,
SIGMA,3,12,111249.4534855302,35694.8029102202,
SIGMA,3,13,111249.4534855302,32569.4019218557,
SIGMA,3,14,111249.4534855302,36163.9183175309,
SIGMA,3,15,111249.4534855302,37353.1878069323,sigma/run_03/best_snakes/generation_015.dna
SIGMA,3,16,124880.4158465022,41292.2642462404,
SIGMA,3,17,124880.4158465022,43708.8622660119,
SIGMA,3,18,124880.4158465022,39733.6636334680,
SIGMA,3,19,124880.4158465022,49711.8265233928,
SIGMA,3,20,131395.0076517023,46517.4750296733,sigma/run_03/best_snakes/generation_020.dna
SIGMA,3,21,135380.8348952346,53216.7172019002,
SIGMA,3,22,135380.8348952346,56872.0670538274,
SIGMA,3,23,142701.2035462940,60696.4712867104,
SIGMA,3,24,142701.2035462940,58994.9318102601,
SIGMA,3,25,142701.2035462940,63651.1592842402,sigma/run_03/best_snakes/generation_025.dna
SIGMA,3,26,142701.2035462940,64525.9652524985,
SIGMA,3,27,148012.4175117301,61369.8265882236,
SIGMA,3,28,173897.1733914934,70220.9038182304,
SIGMA,3,29,173897.1733914934,71838.4248302931,
SIGMA,3,30,173897.1733914934,67989.3937625107,sigma/run_03/best_snakes/generation_030.dna
SIGMA,3,31,173897.1733914934,64363.6660440717,
SIGMA,3,32,173897.1733914934,65969.7320255198,
SIGMA,3,33,173897.1733914934,69322.4826199230,
SIGMA,3,34,173897.1733914934,68871.9799375530,
SIGMA,3,35,173897.1733914934,63706.4870266043,sigma/run_03/best_snakes/generation_035.dna
SIGMA,3,36,173897.1733914934,65716.4380299466,
SIGMA,3,37,173897.1733914934,64394.2058199101,
SIGMA,3,38,173897.1733914934,58569.9330170924,
SIGMA,3,39,173897.1733914934,70257.2741359503,
SIGMA,3,40,173897.1733914934,66832.8449436708,sigma/run_03/best_snakes/generation_040.dna
SIGMA,3,41,173897.1733914934,67237.2740747262,
SIGMA,3,42,173897.1733914934,71075.3891561667,
SIGMA,3,43,173897.1733914934,66061.3101999115,
SIGMA,3,44,181761.1238884333,73208.6260663419,
SIGMA,3,45,181761.1238884333,66146.8995518417,sigma/run_03/best_snakes/generation_045.dna
SIGMA,3,46,181761.1238884333,71842.2973462185,
SIGMA,3,47,181761.1238884333,68830.5553968107,
SIGMA,3,48,181761.1238884333,79093.5841571946,
SIGMA,3,49,181761.1238884333,65519.5126034087,
SIGMA,3,50,181761.1238884333,69404.1774358007,sigma/run_03/best_snakes/generation_050.dna
SIGMA,3,51,181761.1238884333,69294.0801203429,
SIGMA,3,52,181761.1238884333,69975.6416146418,
SIGMA,3,53,181761.1238884333,67836.5533243137,
SIGMA,3,54,181761.1238884333,75658.4275964814,
SIGMA,3,55,181761.1238884333,77344.1372468972,sigma/run_03/best_snakes/generation_055.dna
SIGMA,3,56,181761.1238884333,75952.7849057354,
SIGMA,3,57,181761.1238884333,69296.7502054393,
SIGMA,3,58,181761.1238884333,72854.0808877064,
SIGMA,3,59,181761.1238884333,72917.0653663439,
SIGMA,3,60,181761.1238884333,78134.5124042369,sigma/run_03/best_snakes/generation_060.dna
SIGMA,3,61,181761.1238884333,77819.0373777724,
SIGMA,3,62,181761.1238884333,78998.5255180134,
SIGMA,3,63,181761.1238884333,75641.5464132424,
SIGMA,3,64,188125.4412382858,85950.3119416156,
SIGMA,3,65,188125.4412382858,85567.6426390656,sigma/run_03/best_snakes/generation_065.dna
SIGMA,3,66,194803.1221503629,91014.6530688837,
SIGMA,3,67,194803.1221503629,69465.5829657082,
SIGMA,3,68,194803.1221503629,71542.6589455836,
SIGMA,3,69,194803.1221503629,75186.7767844732,
SIGMA,3,70,194803.1221503629,80098.0582888457,sigma/run_03/best_snakes/generation_070.dna
SIGMA,3,71,194803.1221503629,82721.8223287455,
SIGMA,3,72,194803.1221503629,80459.5153711191,
SIGMA,3,73,194803.1221503629,82634.0389917922,
SIGMA,3,74,194803.1221503629,91300.2394735198,
SIGMA,3,75,194803.1221503629,78917.9917684828,sigma/run_03/best_snakes/generation_075.dna
SIGMA,3,76,194803.1221503629,84418.2522778557,
SIGMA,3,77,194803.1221503629,81097.7593311572,
SIGMA,3,78,194803.1221503629,96388.1524818204,
SIGMA,3,79,194803.1221503629,84036.9662425356,
SIGMA,3,80,231017.5656519012,91329.5916892173,sigma/run_03/best_snakes/generation_080.dna
SIGMA,3,81,231017.5656519012,88429.4856516321,
SIGMA,3,82,231017.5656519012,90510.7152788631,
SIGMA,3,83,231017.5656519012,82498.5846993942,
SIGMA,3,84,231017.5656519012,86744.5741825443,
SIGMA,3,85,231017.5656519012,90505.0625927268,sigma/run_03/best_snakes/generation_085.dna
SIGMA,3,86,231017.5656519012,90343.0265288067,
SIGMA,3,87,231017.5656519012,95778.3934194074,
SIGMA,3,88,231017.5656519012,86963.8311979264,
SIGMA,3,89,231017.5656519012,94922.8665158439,
SIGMA,3,90,231017.5656519012,90018.7197205822,sigma/run_03/best_snakes/generation_090.dna
SIGMA,3,91,231017.5656519012,93250.3426991923,
SIGMA,3,92,231017.5656519012,98596.8564807250,
SIGMA,3,93,231017.5656519012,92691.0626051408,
SIGMA,3,94,231017.5656519012,92116.8019286179,
SIGMA,3,95,231017.5656519012,85809.4151645131,sigma/run_03/best_snakes/generation_095.dna
SIGMA,3,96,231017.5656519012,79968.5945751833,
SIGMA,3,97,231017.5656519012,83954.5197026466,
SIGMA,3,98,231017.5656519012,87238.2666452317,
SIGMA,3,99,231017.5656519012,83232.2513168261,
SIGMA,3,100,231017.5656519012,73341.4128012431,sigma/run_03/best_snakes/generation_100.dna
SIGMA,3,101,231017.5656519012,88694.6343921577,
SIGMA,3,102,231017.5656519012,93555.1371021663,
SIGMA,3,103,231017.5656519012,92980.0646118666,
SIGMA,3,104,231017.5656519012,81416.0724482974,
SIGMA,3,105,231017.5656519012,82387.4016341091,sigma/run_03/best_snakes/generation_105.dna
SIGMA,3,106,231077.5620384782,91067.4139413768,
SIGMA,3,107,231077.5620384782,99152.5647907571,
SIGMA,3,108,231077.5620384782,92901.4511268903,
SIGMA,3,109,231077.5620384782,84528.2104837449,
SIGMA,3,110,231077.5620384782,89758.7572279447,sigma/run_03/best_snakes/generation_110.dna
SIGMA,3,111,231077.5620384782,94091.3943893982,
SIGMA,3,112,231077.5620384782,90849.6182553674,
SIGMA,3,113,231077.5620384782,100984.5580963410,
SIGMA,3,114,231077.5620384782,95799.9446059784,
SIGMA,3,115,231077.5620384782,92099.1144077371,sigma/run_03/best_snakes/generation_115.dna
SIGMA,3,116,231077.5620384782,88735.0220029200,
SIGMA,3,117,231077.5620384782,99504.8237287567,
SIGMA,3,118,231077.5620384782,90889.9973323282,
SIGMA,3,119,231077.5620384782,87990.2259784889,
SIGMA,3,120,231077.5620384782,88045.6302043671,sigma/run_03/best_snakes/generation_120.dna
SIGMA,4,0,7393.6317989464,1531.6032436002,sigma/run_04/best_snakes/generation_000.dna
SIGMA,4,1,30516.2962205406,3496.3152232989,
SIGMA,4,2,33316.4339072138,5418.9190027522,
SIGMA,4,3,33316.4339072138,6994.2228938990,
SIGMA,4,4,34320.8745239116,8524.2782116761,
SIGMA,4,5,44360.5130818125,9979.4852248304,sigma/run_04/best_snakes/generation_005.dna
SIGMA,4,6,44360.5130818125,9468.4307604846,
SIGMA,4,7,45495.4711465189,11380.9993712129,
SIGMA,4,8,48775.2076528204,10714.5319351025,
SIGMA,4,9,66591.0023229301,12572.2286677176,
SIGMA,4,10,66591.0023229301,14352.8884670912,sigma/run_04/best_snakes/generation_010.dna
SIGMA,4,11,66591.0023229301,19215.0960268643,
SIGMA,4,12,66591.0023229301,19228.7191330317,
SIGMA,4,13,66591.0023229301,22493.9631717883,
SIGMA,4,14,66591.0023229301,25666.6752281846,
SIGMA,4,15,66591.0023229301,26188.9308743010,sigma/run_04/best_snakes/generation_015.dna
SIGMA,4,16,70549.2748210807,27711.7220374115,
SIGMA,4,17,70549.2748210807,24252.5450279598,
SIGMA,4,18,79531.4209709283,28087.0372144358,
SIGMA,4,19,79531.4209709283,26601.0546572416,
SIGMA,4,20,79531.4209709283,29697.0338016856,sigma/run_04/best_snakes/generation_020.dna
SIGMA,4,21,81988.3301957841,30974.1546038815,
SIGMA,4,22,81988.3301957841,29589.7546563344,
SIGMA,4,23,81988.3301957841,29908.3331263544,
SIGMA,4,24,92953.6166238472,30051.4631721684,
SIGMA,4,25,92953.6166238472,33046.2238436553,sigma/run_04/best_snakes/generation_025.dna
SIGMA,4,26,92953.6166238472,34346.2642868006,
SIGMA,4,27,92953.6166238472,31081.2006078140,
SIGMA,4,28,92953.6166238472,32669.5901908082,
SIGMA,4,29,92953.6166238472,33978.3563840028,
SIGMA,4,30,92953.6166238472,30453.6724745713,sigma/run_04/best_snakes/generation_030.dna
SIGMA,4,31,92953.6166238472,29113.6907235216,
SIGMA,4,32,92953.6166238472,29038.9694512687,
SIGMA,4,33,92953.6166238472,27841.0262056922,
SIGMA,4,34,92953.6166238472,29952.2136037020,
SIGMA,4,35,92953.6166238472,26453.7142807180,sigma/run_04/best_snakes/generation_035.dna
SIGMA,4,36,92953.6166238472,32775.6591771443,
SIGMA,4,37,103917.4435355563,31822.5658922824,
SIGMA,4,38,103917.4435355563,32321.6883102654,
SIGMA,4,39,103917.4435355563,33103.9557167219,
SIGMA,4,40,103917.4435355563,32452.4901614094,sigma/run_04/best_snakes/generation_040.dna
SIGMA,4,41,103917.4435355563,31693.3009399649,
SIGMA,4,42,103917.4435355563,30827.5022846412,
SIGMA,4,43,103917.4435355563,34600.1901749735,
SIGMA,4,44,103917.4435355563,37873.8697800127,
SIGMA,4,45,103917.4435355563,39540.8699407693,sigma/run_04/best_snakes/generation_045.dna
SIGMA,4,46,103917.4435355563,36720.9892915280,
SIGMA,4,47,103917.4435355563,38508.0535037460,
SIGMA,4,48,103917.4435355563,37236.6514873239,
SIGMA,4,49,103917.4435355563,35656.8345634799,
SIGMA,4,50,111390.3553392957,43006.8741185878,sigma/run_04/best_snakes/generation_050.dna
SIGMA,4,51,111390.3553392957,39451.4511627437,
SIGMA,4,52,111390.3553392957,41968.6582225555,
SIGMA,4,53,113732.3152909322,42678.5336389672,
SIGMA,4,54,113732.3152909322,40729.2964240845,
SIGMA,4,55,131949.4072296342,40590.5553722389,sigma/run_04/best_snakes/generation_055.dna
SIGMA,4,56,131949.4072296342,40197.1865250270,
SIGMA,4,57,131949.4072296342,40178.5574793910,
SIGMA,4,58,131949.4072296342,39363.9984568834,
SIGMA,4,59,131949.4072296342,40093.7425978675,
SIGMA,4,60,131949.4072296342,39586.1031430779,sigma/run_04/best_snakes/generation_060.dna
SIGMA,4,61,131949.4072296342,41958.7609280008,
SIGMA,4,62,131949.4072296342,44571.1988566235,
SIGMA,4,63,131949.4072296342,39743.8684075854,
SIGMA,4,64,131949.4072296342,44691.0526435120,
SIGMA,4,65,131949.4072296342,44771.1481978277,sigma/run_04/best_snakes/generation_065.dna
SIGMA,4,66,131949.4072296342,39850.6233967027,
SIGMA,4,67,131949.4072296342,54806.2084798377,
SIGMA,4,68,131949.4072296342,48372.1022849692,
SIGMA,4,69,131949.4072296342,46254.8913268371,
SIGMA,4,70,131949.4072296342,47552.1182905569,sigma/run_04/best_snakes/generation_070.dna
SIGMA,4,71,136384.8059301950,46478.0257465092,
SIGMA,4,72,136384.8059301950,46736.0501262689,
SIGMA,4,73,136384.8059301950,46618.7034278001,
SIGMA,4,74,136384.8059301950,51139.1653231490,
SIGMA,4,75,154802.3449385275,53865.9375146354,sigma/run_04/best_snakes/generation_075.dna
SIGMA,4,76,154802.3449385275,59227.0038133625,
SIGMA,4,77,154802.3449385275,56291.9975601365,
SIGMA,4,78,154802.3449385275,56481.5243954326,
SIGMA,4,79,154802.3449385275,46444.4242659889,
SIGMA,4,80,154802.3449385275,52653.7309493290,sigma/run_04/best_snakes/generation_080.dna
SIGMA,4,81,154802.3449385275,53025.3085845190,
SIGMA,4,82,154802.3449385275,50577.6190050955,
SIGMA,4,83,154802.3449385275,51234.5417918126,
SIGMA,4,84,154802.3449385275,53113.7014654897,
SIGMA,4,85,154802.3449385275,50474.8785346064,sigma/run_04/best_snakes/generation_085.dna
SIGMA,4,86,154802.3449385275,57097.6734493896,
SIGMA,4,87,154802.3449385275,50624.3190031115,
SIGMA,4,88,180970.5263180271,54085.9127411286,
SIGMA,4,89,180970.5263180271,50945.5651502522,
SIGMA,4,90,180970.5263180271,53275.3076168476,sigma/run_04/best_snakes/generation_090.dna
SIGMA,4,91,180970.5263180271,60770.4792458364,
SIGMA,4,92,180970.5263180271,63561.8639096031,
SIGMA,4,93,180970.5263180271,62472.3014084662,
SIGMA,4,94,180970.5263180271,61563.8603279928,
SIGMA,4,95,180970.5263180271,63057.7655675632,sigma/run_04/best_snakes/generation_095.dna
SIGMA,4,96,180970.5263180271,61440.8600714141,
SIGMA,4,97,180970.5263180271,56987.8978720801,
SIGMA,4,98,180970.5263180271,57045.1569953094,
SIGMA,4,99,180970.5263180271,55335.5773907070,
SIGMA,4,100,180970.5263180271,53010.9550693432,sigma/run_04/best_snakes/generation_100.dna
SIGMA,4,101,180970.5263180271,56584.7662133536,
SIGMA,4,102,180970.5263180271,55988.5116581360,
SIGMA,4,103,180970.5263180271,56131.2567423335,
SIGMA,4,104,180970.5263180271,57550.7902550066,
SIGMA,4,105,180970.5263180271,56408.4130308679,sigma/run_04/best_snakes/generation_105.dna
SIGMA,4,106,180970.5263180271,53140.3927366940,
SIGMA,4,107,180970.5263180271,52720.2788315630,
SIGMA,4,108,180970.5263180271,55478.8208681501,
SIGMA,4,109,180970.5263180271,54147.4151427957,
SIGMA,4,110,180970.5263180271,52318.6741409953,sigma/run_04/best_snakes/generation_110.dna
SIGMA,4,111,180970.5263180271,57230.1876409684,
SIGMA,4,112,180970.5263180271,55749.6837624240,
SIGMA,4,113,180970.5263180271,55827.8220519705,
SIGMA,4,114,180970.5263180271,54437.3380978726,
SIGMA,4,115,180970.5263180271,50512.7654903787,sigma/run_04/best_snakes/generation_115.dna
SIGMA,4,116,180970.5263180271,60572.1478649362,
SIGMA,4,117,180970.5263180271,57657.1446452542,
SIGMA,4,118,180970.5263180271,60183.9785593490,
SIGMA,4,119,180970.5263180271,63851.5285400791,
SIGMA,4,120,180970.5263180271,57153.2803284189,sigma/run_04/best_snakes/generation_120.dna
SIGMA,4,121,180970.5263180271,53614.5744129017,
SIGMA,4,122,180970.5263180271,52080.4221322810,
SIGMA,4,123,180970.5263180271,52225.1236348501,
SIGMA,4,124,180970.5263180271,60329.0133277721,
SIGMA,4,125,180970.5263180271,53560.5733370482,sigma/run_04/best_snakes/generation_125.dna
SIGMA,4,126,183514.7380701343,58046.9983653937,
SIGMA,4,127,183514.7380701343,56893.2805173976,
SIGMA,4,128,183514.7380701343,52422.9598378305,
SIGMA,4,129,183514.7380701343,56060.9484861225,
SIGMA,4,130,183514.7380701343,58992.1733985774,sigma/run_04/best_snakes/generation_130.dna
SIGMA,4,131,183514.7380701343,59728.0338901680,
SIGMA,4,132,183514.7380701343,55884.2598416830,
SIGMA,4,133,183514.7380701343,53893.0252742344,
SIGMA,4,134,183514.7380701343,65713.3776293958,
SIGMA,4,135,183514.7380701343,60930.8312989852,sigma/run_04/best_snakes/generation_135.dna
SIGMA,4,136,183514.7380701343,53370.0187889632,
SIGMA,4,137,183514.7380701343,57129.1523258930,
SIGMA,4,138,183514.7380701343,48869.2546352300,
SIGMA,4,139,183514.7380701343,54045.0166825751,
SIGMA,4,140,183514.7380701343,57813.3093344583,sigma/run_04/best_snakes/generation_140.dna
SIGMA,4,141,183514.7380701343,58825.4866176756,
SIGMA,4,142,183514.7380701343,49987.9237123062,
SIGMA,4,143,183514.7380701343,54753.8238632361,
SIGMA,4,144,183514.7380701343,54205.8514775206,
SIGMA,4,145,183514.7380701343,60466.3578296133,sigma/run_04/best_snakes/generation_145.dna
SIGMA,4,146,183514.7380701343,55164.7610223273,
SIGMA,4,147,183514.7380701343,56082.0901769143,
SIGMA,4,148,183514.7380701343,50475.4971546119,
SIGMA,4,149,183514.7380701343,52770.2357104213,
SIGMA,4,150,183514.7380701343,54007.3836346222,sigma/run_04/best_snakes/generation_150.dna
SIGMA,4,151,183514.7380701343,59562.5067430903,
SIGMA,4,152,183514.7380701343,55519.4977710169,
SIGMA,4,153,183514.7380701343,58818.1064640741,
SIGMA,4,154,183514.7380701343,52917.7321754135,
SIGMA,4,155,183514.7380701343,55027.5026296570,sigma/run_04/best_snakes/generation_155.dna
SIGMA,4,156,183514.7380701343,48444.7599605662,
SIGMA,4,157,183514.7380701343,49584.7712591324,
SIGMA,4,158,183514.7380701343,47974.8081341327,
SIGMA,4,159,183514.7380701343,59529.2177672422,
SIGMA,4,160,183514.7380701343,58038.5334880106,sigma/run_04/best_snakes/generation_160.dna
SIGMA,4,161,183514.7380701343,61326.6413675528,
SIGMA,4,162,183514.7380701343,59399.5803698788,
SIGMA,4,163,183514.7380701343,52863.1440553401,
SIGMA,4,164,183514.7380701343,56768.7168926684,
SIGMA,4,165,183514.7380701343,55845.1286948135,sigma/run_04/best_snakes/generation_165.dna
SIGMA,4,166,183514.7380701343,55766.3416394427,
SIGMA,5,0,11493.1618253475,1958.8872492635,sigma/run_05/best_snakes/generation_000.dna
SIGMA,5,1,22676.4046695137,3268.9939016552,
SIGMA,5,2,33084.4994154853,5543.6871511878,
SIGMA,5,3,33084.4994154853,6731.5200754670,
SIGMA,5,4,46860.7502906947,11073.2821532991,
SIGMA,5,5,46860.7502906947,13807.7187413990,sigma/run_05/best_snakes/generation_005.dna
SIGMA,5,6,46860.7502906947,15377.0619009771,
SIGMA,5,7,54482.8818534665,17576.5594476486,
SIGMA,5,8,54482.8818534665,15487.3560321618,
SIGMA,5,9,54482.8818534665,14259.8384748115,
SIGMA,5,10,54482.8818534665,15760.5775665132,sigma/run_05/best_snakes/generation_010.dna
SIGMA,5,11,58863.7443621468,18863.6904695769,
SIGMA,5,12,58863.7443621468,16620.8879467114,
SIGMA,5,13,68086.2210822751,19050.7377966333,
SIGMA,5,14,68086.2210822751,16468.5916391495,
SIGMA,5,15,68086.2210822751,18937.8198048804,sigma/run_05/best_snakes/generation_015.dna
SIGMA,5,16,68086.2210822751,17799.2006911952,
SIGMA,5,17,78919.8485398440,20994.6200831652,
SIGMA,5,18,78919.8485398440,22543.3360987687,
SIGMA,5,19,78919.8485398440,19923.5120232546,
SIGMA,5,20,78919.8485398440,20203.5564502656,sigma/run_05/best_snakes/generation_020.dna
SIGMA,5,21,78919.8485398440,22644.0371489543,
SIGMA,5,22,78919.8485398440,25694.5575912630,
SIGMA,5,23,88638.6440652079,26250.4150921847,
SIGMA,5,24,88638.6440652079,32019.5328308529,
SIGMA,5,25,88738.3545567553,34921.0402713640,sigma/run_05/best_snakes/generation_025.dna
SIGMA,5,26,88738.3545567553,33224.0050782240,
SIGMA,5,27,88738.3545567553,31976.8393587547,
SIGMA,5,28,88738.3545567553,35955.4179696367,
SIGMA,5,29,88738.3545567553,35444.1317535276,
SIGMA,5,30,88738.3545567553,38440.0824426450,sigma/run_05/best_snakes/generation_030.dna
SIGMA,5,31,93190.2939479835,39707.4998107354,
SIGMA,5,32,113288.8044130460,42499.7962172886,
SIGMA,5,33,113288.8044130460,40423.4058094069,
SIGMA,5,34,113288.8044130460,42227.0073097801,
SIGMA,5,35,113288.8044130460,41930.5482166109,sigma/run_05/best_snakes/generation_035.dna
SIGMA,5,36,113288.8044130460,39087.3399357648,
SIGMA,5,37,113288.8044130460,41682.6762341869,
SIGMA,5,38,113288.8044130460,39353.8126016414,
SIGMA,5,39,113288.8044130460,40984.6370971846,
SIGMA,5,40,113288.8044130460,43071.7756391900,sigma/run_05/best_snakes/generation_040.dna
SIGMA,5,41,113288.8044130460,44582.0658049248,
SIGMA,5,42,113288.8044130460,42053.4768291627,
SIGMA,5,43,113288.8044130460,37365.8970953672,
SIGMA,5,44,113288.8044130460,44883.4845904563,
SIGMA,5,45,113288.8044130460,43866.6620194101,sigma/run_05/best_snakes/generation_045.dna
SIGMA,5,46,113288.8044130460,44192.1165646890,
SIGMA,5,47,113288.8044130460,44576.0807449017,
SIGMA,5,48,113288.8044130460,45451.1721736617,
SIGMA,5,49,113727.0655176022,51117.6240808593,
SIGMA,5,50,113727.0655176022,49367.1981561263,sigma/run_05/best_snakes/generation_050.dna
SIGMA,5,51,113727.0655176022,48091.6291855722,
SIGMA,5,52,113727.0655176022,52030.9463153913,
SIGMA,5,53,113727.0655176022,50725.7558089897,
SIGMA,5,54,124754.1986996762,52457.9076814307,
SIGMA,5,55,124754.1986996762,49954.8104738236,sigma/run_05/best_snakes/generation_055.dna
SIGMA,5,56,124754.1986996762,53301.9025448102,
SIGMA,5,57,124754.1986996762,55165.2255590853,
SIGMA,5,58,125356.5918216563,49847.7655224005,
SIGMA,5,59,125356.5918216563,53556.0834869792,
SIGMA,5,60,149185.5637242509,51751.7030586486,sigma/run_05/best_snakes/generation_060.dna
SIGMA,5,61,157216.8509391158,52733.8179894302,
SIGMA,5,62,157216.8509391158,61373.7631211748,
SIGMA,5,63,157216.8509391158,58204.9694870177,
SIGMA,5,64,157216.8509391158,58488.0023539670,
SIGMA,5,65,157216.8509391158,61515.3438744741,sigma/run_05/best_snakes/generation_065.dna
SIGMA,5,66,157216.8509391158,60876.0663739749,
SIGMA,5,67,157216.8509391158,63114.4986989144,
SIGMA,5,68,157216.8509391158,62436.4809391762,
SIGMA,5,69,157216.8509391158,69592.6279481724,
SIGMA,5,70,157216.8509391158,73798.7479246224,sigma/run_05/best_snakes/generation_070.dna
SIGMA,5,71,161676.1524893402,64995.4155139683,
SIGMA,5,72,161676.1524893402,72000.4870984090,
SIGMA,5,73,161676.1524893402,71064.8670113636,
SIGMA,5,74,167220.4870675523,72320.5560661750,
SIGMA,5,75,167220.4870675523,74655.5028291489,sigma/run_05/best_snakes/generation_075.dna
SIGMA,5,76,170239.8933227595,79049.6690740242,
SIGMA,5,77,170239.8933227595,81694.6944749105,
SIGMA,5,78,170239.8933227595,69848.6215437063,
SIGMA,5,79,187840.9627599635,68956.2262028587,
SIGMA,5,80,187840.9627599635,76977.3474203795,sigma/run_05/best_snakes/generation_080.dna
SIGMA,5,81,187840.9627599635,68593.6978151129,
SIGMA,5,82,187840.9627599635,71416.1085572669,
SIGMA,5,83,187840.9627599635,75824.3250582826,
SIGMA,5,84,187840.9627599635,75516.0876140488,
SIGMA,5,85,187840.9627599635,79209.3987549807,sigma/run_05/best_snakes/generation_085.dna
SIGMA,5,86,187840.9627599635,78480.1252314416,
SIGMA,5,87,187840.9627599635,76447.3908175523,
SIGMA,5,88,187840.9627599635,72810.2803888043,
SIGMA,5,89,187840.9627599635,75928.7263368689,
SIGMA,5,90,187840.9627599635,73134.6223229998,sigma/run_05/best_snakes/generation_090.dna
SIGMA,5,91,187840.9627599635,73788.3440527929,
SIGMA,5,92,187840.9627599635,75949.5430333209,
SIGMA,5,93,187840.9627599635,71739.2733977296,
SIGMA,5,94,187840.9627599635,69990.0556742452,
SIGMA,5,95,187840.9627599635,74247.0241495102,sigma/run_05/best_snakes/generation_095.dna
SIGMA,5,96,187840.9627599635,79503.4024346504,
SIGMA,5,97,187840.9627599635,65298.2057519769,
SIGMA,5,98,187840.9627599635,68557.7242191763,
SIGMA,5,99,187840.9627599635,74434.7266086166,
SIGMA,5,100,187840.9627599635,77611.3142628175,sigma/run_05/best_snakes/generation_100.dna
SIGMA,5,101,187840.9627599635,76386.1402440810,
SIGMA,5,102,187840.9627599635,75955.4142926340,
SIGMA,5,103,187840.9627599635,74070.7187221110,
SIGMA,5,104,187840.9627599635,78783.4717783299,
SIGMA,5,105,187840.9627599635,74998.1749270203,sigma/run_05/best_snakes/generation_105.dna
SIGMA,5,106,187840.9627599635,78730.2872413121,
SIGMA,5,107,187840.9627599635,77222.1379723501,
SIGMA,5,108,187840.9627599635,85297.5664868220,
SIGMA,5,109,187840.9627599635,77634.9782571156,
SIGMA,5,110,187840.9627599635,81227.4497467443,sigma/run_05/best_snakes/generation_110.dna
SIGMA,5,111,187840.9627599635,84651.4701320318,
SIGMA,5,112,187840.9627599635,83985.8426794959,
SIGMA,5,113,187840.9627599635,82842.2431955419,
SIGMA,5,114,193397.0926349566,88584.0730200816,
SIGMA,5,115,193397.0926349566,86340.8839372018,sigma/run_05/best_snakes/generation_115.dna
SIGMA,5,116,193397.0926349566,77096.3704799685,
SIGMA,5,117,193397.0926349566,85014.2289027344,
SIGMA,5,118,193397.0926349566,82922.0762909772,
SIGMA,5,119,193397.0926349566,87140.0552354724,
SIGMA,5,120,193397.0926349566,81844.2351050639,sigma/run_05/best_snakes/generation_120.dna
SIGMA,5,121,193397.0926349566,82505.0839223279,
SIGMA,5,122,193397.0926349566,78839.7710869110,
SIGMA,5,123,202275.8306662170,91391.6398432038,
SIGMA,5,124,202275.8306662170,87938.4790106077,
SIGMA,5,125,202275.8306662170,79675.2290150899,sigma/run_05/best_snakes/generation_125.dna
SIGMA,5,126,202275.8306662170,82449.8584300535,
SIGMA,5,127,202275.8306662170,84637.7742008462,
SIGMA,5,128,202275.8306662170,83784.7010397032,
SIGMA,5,129,202275.8306662170,81854.1423285217,
SIGMA,5,130,202275.8306662170,74870.3605388154,sigma/run_05/best_snakes/generation_130.dna
SIGMA,5,131,202275.8306662170,80519.6268163361,
SIGMA,5,132,202275.8306662170,76443.4352649025,
SIGMA,5,133,202275.8306662170,79830.9097130286,
SIGMA,5,134,202275.8306662170,88014.6148284281,
SIGMA,5,135,202275.8306662170,87858.9243084409,sigma/run_05/best_snakes/generation_135.dna
SIGMA,5,136,202275.8306662170,90289.6101079703,
SIGMA,5,137,202275.8306662170,89349.4531241886,
SIGMA,5,138,202275.8306662170,88300.6311334687,
SIGMA,5,139,202275.8306662170,90847.9775363285,
SIGMA,5,140,202275.8306662170,84651.4587162861,sigma/run_05/best_snakes/generation_140.dna
SIGMA,5,141,202275.8306662170,88016.9160136190,
SIGMA,5,142,234858.9421378690,94169.3311592802,
SIGMA,5,143,234858.9421378690,92101.3909481038,
SIGMA,5,144,234858.9421378690,88559.7007265849,
SIGMA,5,145,234858.9421378690,86933.5232357126,sigma/run_05/best_snakes/generation_145.dna
SIGMA,5,146,234858.9421378690,102754.8832203167,
SIGMA,5,147,234858.9421378690,100887.2587406912,
SIGMA,5,148,234858.9421378690,94986.7561341225,
SIGMA,5,149,234858.9421378690,87626.3868653832,
SIGMA,5,150,234858.9421378690,90403.7333374027,sigma/run_05/best_snakes/generation_150.dna
SIGMA,5,151,234858.9421378690,80841.3847577573,
SIGMA,5,152,234858.9421378690,85972.8972554069,
SIGMA,5,153,234858.9421378690,82692.9786208107,
SIGMA,5,154,234858.9421378690,80064.7283536448,
SIGMA,5,155,234858.9421378690,86707.7233789878,sigma/run_05/best_snakes/generation_155.dna
SIGMA,5,156,234858.9421378690,83275.3191846526,
SIGMA,5,157,234858.9421378690,88123.3826598630,
SIGMA,5,158,234858.9421378690,94708.1143282046,
SIGMA,5,159,234858.9421378690,90888.0351629654,
SIGMA,5,160,234858.9421378690,92916.9142656998,sigma/run_05/best_snakes/generation_160.dna
SIGMA,5,161,234858.9421378690,94852.8468441851,
SIGMA,5,162,234858.9421378690,87444.9775863935,
SIGMA,5,163,234858.9421378690,94497.0549891200,
SIGMA,5,164,234858.9421378690,85563.2396027824,
SIGMA,5,165,234858.9421378690,79390.8735251140,sigma/run_05/best_snakes/generation_165.dna
SIGMA,5,166,234858.9421378690,88873.8284602088,
SIGMA,5,167,234858.9421378690,82587.2091993008,
SIGMA,5,168,234858.9421378690,86149.0839108550,
SIGMA,5,169,234858.9421378690,85561.0868961015,
SIGMA,5,170,234858.9421378690,92515.5969583550,sigma/run_05/best_snakes/generation_170.dna
SIGMA,5,171,234858.9421378690,93130.7420554580,
SIGMA,5,172,234858.9421378690,93789.5754416271,
SIGMA,5,173,234858.9421378690,93094.3749570201,
SIGMA,5,174,234858.9421378690,91761.8041870204,
SIGMA,5,175,234858.9421378690,86540.6786610739,sigma/run_05/best_snakes/generation_175.dna
SIGMA,5,176,234858.9421378690,97106.6443532239,
SIGMA,5,177,234858.9421378690,84060.4416570374,
SIGMA,5,178,234858.9421378690,88030.1435414166,
SIGMA,5,179,234858.9421378690,81736.5022961980,
SIGMA,5,180,234858.9421378690,83661.5036906201,sigma/run_05/best_snakes/generation_180.dna
SIGMA,5,181,234858.9421378690,84319.7795764600,
SIGMA,5,182,234858.9421378690,93016.0094009934,
